class,cap-shape,cap-surface,cap-color,does-bruise-or-bleed,gill-attachment,gill-color,stem-color,has-ring,ring-type,habitat,season,count
e,b,g,g,f,a,g,g,f,f,d,a,9
e,b,g,g,f,a,g,g,f,f,d,s,12
e,b,g,g,f,a,g,g,f,f,d,u,14
e,b,g,g,f,a,g,g,f,f,d,w,11
e,b,g,g,f,a,g,n,f,f,d,a,15
e,b,g,g,f,a,g,n,f,f,d,s,13
e,b,g,g,f,a,g,n,f,f,d,u,14
e,b,g,g,f,a,g,n,f,f,d,w,8
e,b,g,n,f,a,g,g,f,f,d,a,10
e,b,g,n,f,a,g,g,f,f,d,s,14
e,b,g,n,f,a,g,g,f,f,d,u,11
e,b,g,n,f,a,g,g,f,f,d,w,13
e,b,g,n,f,a,g,n,f,f,d,a,12
e,b,g,n,f,a,g,n,f,f,d,s,12
e,b,g,n,f,a,g,n,f,f,d,u,6
e,b,g,n,f,a,g,n,f,f,d,w,7
e,b,g,n,f,x,w,y,f,f,g,a,84
e,b,g,n,f,x,w,y,f,f,g,u,79
e,b,g,w,f,x,w,y,f,f,g,a,103
e,b,g,w,f,x,w,y,f,f,g,u,87
e,b,h,g,f,s,g,g,f,f,d,a,20
e,b,h,g,f,s,g,g,f,f,d,u,22
e,b,h,g,f,s,w,g,f,f,d,a,22
e,b,h,g,f,s,w,g,f,f,d,u,13
e,b,h,k,f,s,g,g,f,f,d,a,30
e,b,h,k,f,s,g,g,f,f,d,u,27
e,b,h,k,f,s,w,g,f,f,d,a,26
e,b,h,k,f,s,w,g,f,f,d,u,25
e,c,g,e,t,a,p,n,f,f,d,a,5
e,c,g,e,t,a,p,n,f,f,d,u,4
e,c,g,e,t,a,p,n,f,f,h,a,8
e,c,g,e,t,a,p,n,f,f,h,u,8
e,c,g,e,t,a,w,n,f,f,d,a,11
e,c,g,e,t,a,w,n,f,f,d,u,12
e,c,g,e,t,a,w,n,f,f,h,a,3
e,c,g,e,t,a,w,n,f,f,h,u,9
e,c,g,n,f,a,g,g,f,f,d,a,41
e,c,g,n,f,a,g,g,f,f,d,u,52
e,c,g,n,f,a,g,g,f,f,l,a,42
e,c,g,n,f,a,g,g,f,f,l,u,42
e,c,g,n,f,a,w,g,f,f,d,a,44
e,c,g,n,f,a,w,g,f,f,d,u,46
e,c,g,n,f,a,w,g,f,f,l,a,43
e,c,g,n,f,a,w,g,f,f,l,u,43
e,c,g,n,t,a,p,n,f,f,d,a,5
e,c,g,n,t,a,p,n,f,f,d,u,9
e,c,g,n,t,a,p,n,f,f,h,a,9
e,c,g,n,t,a,p,n,f,f,h,u,5
e,c,g,n,t,a,w,n,f,f,d,a,15
e,c,g,n,t,a,w,n,f,f,d,u,9
e,c,g,n,t,a,w,n,f,f,h,a,4
e,c,g,n,t,a,w,n,f,f,h,u,5
e,c,h,n,f,e,w,n,f,f,d,a,20
e,c,h,n,f,e,w,n,f,f,d,u,30
e,c,h,n,f,e,w,w,f,f,d,a,18
e,c,h,n,f,e,w,w,f,f,d,u,17
e,c,t,n,f,e,w,n,f,f,d,a,21
e,c,t,n,f,e,w,n,f,f,d,u,25
e,c,t,n,f,e,w,w,f,f,d,a,20
e,c,t,n,f,e,w,w,f,f,d,u,24
e,f,d,b,f,d,b,w,f,f,d,a,5
e,f,d,b,f,d,b,w,f,f,d,w,5
e,f,d,b,f,d,b,w,f,f,g,a,1
e,f,d,b,f,d,b,w,f,f,g,w,1
e,f,d,b,f,d,b,w,f,f,m,a,4
e,f,d,b,f,d,b,w,f,f,m,w,3
e,f,d,b,f,d,o,w,f,f,d,a,4
e,f,d,b,f,d,o,w,f,f,d,w,4
e,f,d,b,f,d,o,w,f,f,g,a,2
e,f,d,b,f,d,o,w,f,f,g,w,1
e,f,d,b,f,d,o,w,f,f,m,a,3
e,f,d,b,f,d,o,w,f,f,m,w,2
e,f,d,g,t,d,p,g,f,f,d,a,8
e,f,d,g,t,d,p,g,f,f,d,u,8
e,f,d,g,t,d,p,n,f,f,d,a,7
e,f,d,g,t,d,p,n,f,f,d,u,11
e,f,d,n,t,d,p,g,f,f,d,a,13
e,f,d,n,t,d,p,g,f,f,d,u,18
e,f,d,n,t,d,p,n,f,f,d,a,14
e,f,d,n,t,d,p,n,f,f,d,u,7
e,f,d,o,f,d,b,w,f,f,d,a,3
e,f,d,o,f,d,b,w,f,f,d,w,2
e,f,d,o,f,d,b,w,f,f,g,a,3
e,f,d,o,f,d,b,w,f,f,g,w,4
e,f,d,o,f,d,b,w,f,f,m,a,1
e,f,d,o,f,d,b,w,f,f,m,w,1
e,f,d,o,f,d,o,w,f,f,d,a,2
e,f,d,o,f,d,o,w,f,f,d,w,3
e,f,d,o,f,d,o,w,f,f,g,a,3
e,f,d,o,f,d,o,w,f,f,m,a,2
e,f,d,o,f,d,o,w,f,f,m,w,2
e,f,d,p,t,d,p,g,f,f,d,a,7
e,f,d,p,t,d,p,g,f,f,d,u,15
e,f,d,p,t,d,p,n,f,f,d,a,14
e,f,d,p,t,d,p,n,f,f,d,u,12
e,f,d,u,t,d,p,g,f,f,d,a,9
e,f,d,u,t,d,p,g,f,f,d,u,10
e,f,d,u,t,d,p,n,f,f,d,a,9
e,f,d,u,t,d,p,n,f,f,d,u,12
e,f,d,w,f,s,w,w,f,f,d,s,24
e,f,d,w,f,s,w,w,f,f,d,u,27
e,f,d,w,f,s,w,w,f,f,m,s,23
e,f,d,w,f,s,w,w,f,f,m,u,25
e,f,e,g,f,a,w,w,f,f,d,a,7
e,f,e,g,f,a,w,w,f,f,d,w,4
e,f,e,g,f,a,w,w,f,f,l,a,10
e,f,e,g,f,a,w,w,f,f,l,w,11
e,f,e,g,f,d,w,w,f,f,d,a,7
e,f,e,g,f,d,w,w,f,f,d,w,8
e,f,e,g,f,d,w,w,f,f,l,a,3
e,f,e,g,f,d,w,w,f,f,l,w,12
e,f,e,n,f,a,w,w,f,f,d,a,10
e,f,e,n,f,a,w,w,f,f,d,w,7
e,f,e,n,f,a,w,w,f,f,l,a,7
e,f,e,n,f,a,w,w,f,f,l,w,9
e,f,e,n,f,d,w,w,f,f,d,a,3
e,f,e,n,f,d,w,w,f,f,d,w,5
e,f,e,n,f,d,w,w,f,f,l,a,6
e,f,e,n,f,d,w,w,f,f,l,w,9
e,f,g,e,t,a,p,n,f,f,d,a,9
e,f,g,e,t,a,p,n,f,f,d,u,5
e,f,g,e,t,a,p,n,f,f,h,a,6
e,f,g,e,t,a,p,n,f,f,h,u,6
e,f,g,e,t,a,w,n,f,f,d,a,6
e,f,g,e,t,a,w,n,f,f,d,u,7
e,f,g,e,t,a,w,n,f,f,h,a,9
e,f,g,e,t,a,w,n,f,f,h,u,9
e,f,g,g,f,a,g,g,f,f,d,a,11
e,f,g,g,f,a,g,g,f,f,d,s,12
e,f,g,g,f,a,g,g,f,f,d,u,8
e,f,g,g,f,a,g,g,f,f,d,w,6
e,f,g,g,f,a,g,n,f,f,d,a,13
e,f,g,g,f,a,g,n,f,f,d,s,8
e,f,g,g,f,a,g,n,f,f,d,u,9
e,f,g,g,f,a,g,n,f,f,d,w,17
e,f,g,n,f,a,g,g,f,f,d,a,10
e,f,g,n,f,a,g,g,f,f,d,s,13
e,f,g,n,f,a,g,g,f,f,d,u,13
e,f,g,n,f,a,g,g,f,f,d,w,7
e,f,g,n,f,a,g,n,f,f,d,a,11
e,f,g,n,f,a,g,n,f,f,d,s,11
e,f,g,n,f,a,g,n,f,f,d,u,7
e,f,g,n,f,a,g,n,f,f,d,w,16
e,f,g,n,f,s,n,n,f,f,d,a,12
e,f,g,n,f,s,n,o,f,f,d,a,13
e,f,g,n,f,s,y,n,f,f,d,a,9
e,f,g,n,f,s,y,o,f,f,d,a,13
e,f,g,n,t,a,p,n,f,f,d,a,10
e,f,g,n,t,a,p,n,f,f,d,u,6
e,f,g,n,t,a,p,n,f,f,h,a,6
e,f,g,n,t,a,p,n,f,f,h,u,8
e,f,g,n,t,a,w,n,f,f,d,a,7
e,f,g,n,t,a,w,n,f,f,d,u,7
e,f,g,n,t,a,w,n,f,f,h,a,5
e,f,g,n,t,a,w,n,f,f,h,u,9
e,f,g,o,f,s,n,n,f,f,d,a,9
e,f,g,o,f,s,n,o,f,f,d,a,10
e,f,g,o,f,s,y,n,f,f,d,a,11
e,f,g,o,f,s,y,o,f,f,d,a,9
e,f,h,g,f,s,g,g,f,f,d,a,23
e,f,h,g,f,s,g,g,f,f,d,u,27
e,f,h,g,f,s,w,g,f,f,d,a,22
e,f,h,g,f,s,w,g,f,f,d,u,19
e,f,h,k,f,s,g,g,f,f,d,a,19
e,f,h,k,f,s,g,g,f,f,d,u,19
e,f,h,k,f,s,w,g,f,f,d,a,18
e,f,h,k,f,s,w,g,f,f,d,u,21
e,f,h,n,f,a,w,n,f,f,d,a,5
e,f,h,n,f,a,w,n,f,f,d,s,2
e,f,h,n,f,a,w,n,f,f,d,w,4
e,f,h,n,f,a,w,o,f,f,d,a,2
e,f,h,n,f,a,w,o,f,f,d,s,9
e,f,h,n,f,a,w,o,f,f,d,w,2
e,f,h,n,f,a,y,n,f,f,d,a,8
e,f,h,n,f,a,y,n,f,f,d,s,2
e,f,h,n,f,a,y,n,f,f,d,w,2
e,f,h,n,f,a,y,o,f,f,d,a,5
e,f,h,n,f,a,y,o,f,f,d,s,5
e,f,h,n,f,a,y,o,f,f,d,w,8
e,f,h,n,f,s,n,n,f,f,d,a,6
e,f,h,n,f,s,n,o,f,f,d,a,6
e,f,h,n,f,s,y,n,f,f,d,a,15
e,f,h,n,f,s,y,o,f,f,d,a,17
e,f,h,o,f,a,w,n,f,f,d,a,1
e,f,h,o,f,a,w,n,f,f,d,s,5
e,f,h,o,f,a,w,n,f,f,d,w,4
e,f,h,o,f,a,w,o,f,f,d,a,6
e,f,h,o,f,a,w,o,f,f,d,s,5
e,f,h,o,f,a,w,o,f,f,d,w,4
e,f,h,o,f,a,y,n,f,f,d,a,2
e,f,h,o,f,a,y,n,f,f,d,w,2
e,f,h,o,f,a,y,o,f,f,d,a,6
e,f,h,o,f,a,y,o,f,f,d,s,4
e,f,h,o,f,a,y,o,f,f,d,w,5
e,f,h,o,f,s,n,n,f,f,d,a,16
e,f,h,o,f,s,n,o,f,f,d,a,15
e,f,h,o,f,s,y,n,f,f,d,a,13
e,f,h,o,f,s,y,o,f,f,d,a,9
e,f,i,n,f,e,n,w,t,l,w,a,13
e,f,i,n,f,e,n,w,t,l,w,u,11
e,f,i,n,f,e,n,w,t,r,w,a,12
e,f,i,n,f,e,n,w,t,r,w,u,15
e,f,i,n,f,e,p,w,t,l,w,a,11
e,f,i,n,f,e,p,w,t,l,w,u,10
e,f,i,n,f,e,p,w,t,r,w,a,9
e,f,i,n,f,e,p,w,t,r,w,u,9
e,f,s,b,f,d,b,w,f,f,d,a,1
e,f,s,b,f,d,b,w,f,f,d,w,5
e,f,s,b,f,d,b,w,f,f,g,a,2
e,f,s,b,f,d,b,w,f,f,g,w,2
e,f,s,b,f,d,b,w,f,f,m,a,7
e,f,s,b,f,d,b,w,f,f,m,w,5
e,f,s,b,f,d,o,w,f,f,d,a,4
e,f,s,b,f,d,o,w,f,f,d,w,3
e,f,s,b,f,d,o,w,f,f,g,a,1
e,f,s,b,f,d,o,w,f,f,m,a,4
e,f,s,b,f,x,w,n,f,f,l,a,36
e,f,s,b,f,x,w,n,f,f,l,w,44
e,f,s,k,f,a,k,w,f,f,d,a,9
e,f,s,k,f,a,k,w,f,f,d,u,6
e,f,s,k,f,a,k,w,f,f,d,w,5
e,f,s,k,f,a,w,w,f,f,d,a,45
e,f,s,k,f,a,w,w,f,f,d,u,38
e,f,s,k,f,a,y,w,f,f,d,a,2
e,f,s,k,f,a,y,w,f,f,d,u,8
e,f,s,k,f,a,y,w,f,f,d,w,3
e,f,s,n,f,a,k,w,f,f,d,a,6
e,f,s,n,f,a,k,w,f,f,d,u,4
e,f,s,n,f,a,k,w,f,f,d,w,3
e,f,s,n,f,a,y,w,f,f,d,a,3
e,f,s,n,f,a,y,w,f,f,d,u,5
e,f,s,n,f,s,n,n,f,f,d,a,14
e,f,s,n,f,s,n,o,f,f,d,a,7
e,f,s,n,f,s,w,n,f,f,d,a,21
e,f,s,n,f,s,w,n,f,f,d,u,27
e,f,s,n,f,s,w,n,f,f,g,a,24
e,f,s,n,f,s,w,n,f,f,g,u,20
e,f,s,n,f,s,w,n,f,f,l,a,30
e,f,s,n,f,s,w,n,f,f,l,u,21
e,f,s,n,f,s,w,n,f,f,m,a,17
e,f,s,n,f,s,w,n,f,f,m,u,21
e,f,s,n,f,s,w,w,f,f,d,a,28
e,f,s,n,f,s,w,w,f,f,d,u,24
e,f,s,n,f,s,w,w,f,f,g,a,22
e,f,s,n,f,s,w,w,f,f,g,u,20
e,f,s,n,f,s,w,w,f,f,l,a,20
e,f,s,n,f,s,w,w,f,f,l,u,17
e,f,s,n,f,s,w,w,f,f,m,a,19
e,f,s,n,f,s,w,w,f,f,m,u,22
e,f,s,n,f,s,y,n,f,f,d,a,7
e,f,s,n,f,s,y,o,f,f,d,a,9
e,f,s,n,f,x,n,n,f,f,d,a,2
e,f,s,n,f,x,n,n,f,f,d,u,3
e,f,s,n,f,x,n,n,f,f,d,w,3
e,f,s,n,f,x,n,p,f,f,d,a,1
e,f,s,n,f,x,n,p,f,f,d,u,3
e,f,s,n,f,x,n,p,f,f,d,w,5
e,f,s,n,f,x,n,w,f,f,d,u,4
e,f,s,n,f,x,n,w,f,f,d,w,2
e,f,s,n,f,x,w,n,f,f,l,a,47
e,f,s,n,f,x,w,n,f,f,l,w,50
e,f,s,n,t,e,g,w,t,l,m,a,7
e,f,s,n,t,e,g,w,t,l,m,u,7
e,f,s,n,t,e,g,w,t,r,m,a,4
e,f,s,n,t,e,g,w,t,r,m,u,5
e,f,s,n,t,e,n,w,t,l,m,a,6
e,f,s,n,t,e,n,w,t,l,m,u,7
e,f,s,n,t,e,n,w,t,r,m,a,3
e,f,s,n,t,e,n,w,t,r,m,u,6
e,f,s,o,f,d,b,w,f,f,d,a,4
e,f,s,o,f,d,b,w,f,f,d,w,3
e,f,s,o,f,d,b,w,f,f,g,a,3
e,f,s,o,f,d,b,w,f,f,g,w,2
e,f,s,o,f,d,b,w,f,f,m,a,3
e,f,s,o,f,d,b,w,f,f,m,w,1
e,f,s,o,f,d,o,w,f,f,d,a,4
e,f,s,o,f,d,o,w,f,f,d,w,2
e,f,s,o,f,d,o,w,f,f,g,a,5
e,f,s,o,f,d,o,w,f,f,g,w,4
e,f,s,o,f,d,o,w,f,f,m,a,3
e,f,s,o,f,d,o,w,f,f,m,w,3
e,f,s,o,f,s,n,n,f,f,d,a,12
e,f,s,o,f,s,n,o,f,f,d,a,11
e,f,s,o,f,s,y,n,f,f,d,a,3
e,f,s,o,f,s,y,o,f,f,d,a,13
e,f,s,r,f,x,n,n,f,f,d,a,3
e,f,s,r,f,x,n,n,f,f,d,u,2
e,f,s,r,f,x,n,n,f,f,d,w,2
e,f,s,r,f,x,n,p,f,f,d,a,3
e,f,s,r,f,x,n,p,f,f,d,u,4
e,f,s,r,f,x,n,p,f,f,d,w,4
e,f,s,r,f,x,n,w,f,f,d,a,5
e,f,s,r,f,x,n,w,f,f,d,u,4
e,f,s,r,f,x,n,w,f,f,d,w,4
e,f,s,u,f,a,w,w,f,f,d,a,44
e,f,s,u,f,a,w,w,f,f,d,u,52
e,f,s,u,f,x,n,n,f,f,d,a,2
e,f,s,u,f,x,n,n,f,f,d,u,2
e,f,s,u,f,x,n,n,f,f,d,w,3
e,f,s,u,f,x,n,p,f,f,d,a,7
e,f,s,u,f,x,n,p,f,f,d,u,3
e,f,s,u,f,x,n,p,f,f,d,w,5
e,f,s,u,f,x,n,w,f,f,d,u,5
e,f,s,w,f,a,k,w,f,f,d,a,1
e,f,s,w,f,a,k,w,f,f,d,u,2
e,f,s,w,f,a,k,w,f,f,d,w,4
e,f,s,w,f,a,y,w,f,f,d,a,5
e,f,s,w,f,a,y,w,f,f,d,u,7
e,f,s,w,f,d,w,w,f,f,g,a,47
e,f,s,w,f,d,w,w,f,f,g,w,34
e,f,s,w,f,d,w,w,f,f,m,a,45
e,f,s,w,f,d,w,w,f,f,m,w,47
e,f,s,w,f,e,k,w,t,e,d,a,2
e,f,s,w,f,e,k,w,t,e,d,s,2
e,f,s,w,f,e,k,w,t,e,d,u,4
e,f,s,w,f,e,k,w,t,e,d,w,5
e,f,s,w,f,e,k,w,t,e,g,a,4
e,f,s,w,f,e,k,w,t,e,g,s,3
e,f,s,w,f,e,k,w,t,e,g,u,7
e,f,s,w,f,e,k,w,t,e,g,w,4
e,f,s,w,f,e,k,w,t,e,m,a,4
e,f,s,w,f,e,k,w,t,e,m,u,4
e,f,s,w,f,e,k,w,t,e,u,a,2
e,f,s,w,f,e,k,w,t,e,u,s,3
e,f,s,w,f,e,k,w,t,e,u,u,2
e,f,s,w,f,e,k,w,t,e,u,w,1
e,f,s,w,f,e,n,w,t,e,g,a,6
e,f,s,w,f,e,n,w,t,e,g,u,6
e,f,s,w,f,e,n,w,t,e,m,a,7
e,f,s,w,f,e,n,w,t,e,m,u,10
e,f,s,w,f,e,p,w,t,e,d,a,1
e,f,s,w,f,e,p,w,t,e,d,s,1
e,f,s,w,f,e,p,w,t,e,d,u,2
e,f,s,w,f,e,p,w,t,e,d,w,3
e,f,s,w,f,e,p,w,t,e,g,a,12
e,f,s,w,f,e,p,w,t,e,g,s,3
e,f,s,w,f,e,p,w,t,e,g,u,7
e,f,s,w,f,e,p,w,t,e,g,w,2
e,f,s,w,f,e,p,w,t,e,m,a,4
e,f,s,w,f,e,p,w,t,e,m,u,6
e,f,s,w,f,e,p,w,t,e,u,a,2
e,f,s,w,f,e,p,w,t,e,u,s,2
e,f,s,w,f,e,p,w,t,e,u,w,2
e,f,s,w,f,e,w,w,t,e,d,a,3
e,f,s,w,f,e,w,w,t,e,d,s,2
e,f,s,w,f,e,w,w,t,e,d,u,3
e,f,s,w,f,e,w,w,t,e,d,w,2
e,f,s,w,f,e,w,w,t,e,g,a,2
e,f,s,w,f,e,w,w,t,e,g,s,3
e,f,s,w,f,e,w,w,t,e,g,w,4
e,f,s,w,f,e,w,w,t,e,u,a,2
e,f,s,w,f,e,w,w,t,e,u,s,4
e,f,s,w,f,e,w,w,t,e,u,u,1
e,f,s,w,f,e,w,w,t,e,u,w,2
e,f,s,w,f,s,w,w,f,f,d,s,24
e,f,s,w,f,s,w,w,f,f,d,u,23
e,f,s,w,f,s,w,w,f,f,m,s,26
e,f,s,w,f,s,w,w,f,f,m,u,24
e,f,s,w,t,e,g,w,t,l,m,a,6
e,f,s,w,t,e,g,w,t,l,m,u,8
e,f,s,w,t,e,g,w,t,r,m,a,3
e,f,s,w,t,e,g,w,t,r,m,u,10
e,f,s,w,t,e,n,w,t,l,m,a,9
e,f,s,w,t,e,n,w,t,l,m,u,14
e,f,s,w,t,e,n,w,t,r,m,a,10
e,f,s,w,t,e,n,w,t,r,m,u,8
e,f,s,y,f,x,n,n,f,f,d,a,3
e,f,s,y,f,x,n,n,f,f,d,u,5
e,f,s,y,f,x,n,n,f,f,d,w,5
e,f,s,y,f,x,n,p,f,f,d,a,3
e,f,s,y,f,x,n,p,f,f,d,u,3
e,f,s,y,f,x,n,p,f,f,d,w,6
e,f,s,y,f,x,n,w,f,f,d,a,1
e,f,s,y,f,x,n,w,f,f,d,u,7
e,f,s,y,f,x,n,w,f,f,d,w,2
e,f,t,k,f,a,k,w,f,f,d,a,2
e,f,t,k,f,a,k,w,f,f,d,u,3
e,f,t,k,f,a,k,w,f,f,d,w,1
e,f,t,k,f,a,y,w,f,f,d,a,2
e,f,t,k,f,a,y,w,f,f,d,u,4
e,f,t,k,f,a,y,w,f,f,d,w,3
e,f,t,n,f,a,k,w,f,f,d,a,2
e,f,t,n,f,a,k,w,f,f,d,u,2
e,f,t,n,f,a,k,w,f,f,d,w,4
e,f,t,n,f,a,w,n,f,f,d,a,2
e,f,t,n,f,a,w,n,f,f,d,s,3
e,f,t,n,f,a,w,n,f,f,d,w,2
e,f,t,n,f,a,w,o,f,f,d,a,1
e,f,t,n,f,a,w,o,f,f,d,s,3
e,f,t,n,f,a,w,o,f,f,d,w,3
e,f,t,n,f,a,y,n,f,f,d,s,3
e,f,t,n,f,a,y,n,f,f,d,w,2
e,f,t,n,f,a,y,o,f,f,d,s,4
e,f,t,n,f,a,y,o,f,f,d,w,5
e,f,t,n,f,a,y,w,f,f,d,a,1
e,f,t,n,f,a,y,w,f,f,d,u,3
e,f,t,n,f,a,y,w,f,f,d,w,2
e,f,t,n,f,d,o,o,f,f,d,a,43
e,f,t,n,f,d,o,o,f,f,d,w,39
e,f,t,n,f,d,o,w,f,f,d,a,48
e,f,t,n,f,d,o,w,f,f,d,w,48
e,f,t,n,f,s,n,n,f,f,d,a,11
e,f,t,n,f,s,n,o,f,f,d,a,11
e,f,t,n,f,s,y,n,f,f,d,a,11
e,f,t,n,f,s,y,o,f,f,d,a,9
e,f,t,o,f,a,w,n,f,f,d,a,4
e,f,t,o,f,a,w,n,f,f,d,s,6
e,f,t,o,f,a,w,n,f,f,d,w,5
e,f,t,o,f,a,w,o,f,f,d,a,3
e,f,t,o,f,a,w,o,f,f,d,s,5
e,f,t,o,f,a,w,o,f,f,d,w,4
e,f,t,o,f,a,y,n,f,f,d,a,3
e,f,t,o,f,a,y,n,f,f,d,s,7
e,f,t,o,f,a,y,n,f,f,d,w,5
e,f,t,o,f,a,y,o,f,f,d,a,7
e,f,t,o,f,a,y,o,f,f,d,s,6
e,f,t,o,f,a,y,o,f,f,d,w,2
e,f,t,o,f,s,n,n,f,f,d,a,14
e,f,t,o,f,s,n,o,f,f,d,a,11
e,f,t,o,f,s,y,n,f,f,d,a,14
e,f,t,o,f,s,y,o,f,f,d,a,13
e,f,t,w,f,a,k,w,f,f,d,a,3
e,f,t,w,f,a,k,w,f,f,d,u,1
e,f,t,w,f,a,k,w,f,f,d,w,6
e,f,t,w,f,a,y,w,f,f,d,a,3
e,f,t,w,f,a,y,w,f,f,d,u,2
e,f,t,w,f,a,y,w,f,f,d,w,2
e,f,w,y,f,f,f,y,f,f,d,a,60
e,f,w,y,f,f,f,y,f,f,d,u,74
e,f,y,g,f,s,g,w,f,f,d,a,25
e,f,y,g,f,s,g,w,f,f,d,u,15
e,f,y,g,f,s,w,w,f,f,d,a,22
e,f,y,g,f,s,w,w,f,f,d,u,19
e,f,y,g,f,s,y,w,f,f,d,a,12
e,f,y,g,f,s,y,w,f,f,d,u,18
e,f,y,n,f,a,p,n,f,f,h,a,25
e,f,y,n,f,a,p,n,f,f,h,u,35
e,f,y,n,f,a,p,n,f,f,l,a,20
e,f,y,n,f,a,p,n,f,f,l,u,19
e,f,y,n,f,d,p,n,f,f,h,a,23
e,f,y,n,f,d,p,n,f,f,h,u,21
e,f,y,n,f,d,p,n,f,f,l,a,24
e,f,y,n,f,d,p,n,f,f,l,u,25
e,f,y,n,f,e,n,w,t,l,w,a,15
e,f,y,n,f,e,n,w,t,l,w,u,8
e,f,y,n,f,e,n,w,t,r,w,a,7
e,f,y,n,f,e,n,w,t,r,w,u,9
e,f,y,n,f,e,p,w,t,l,w,a,8
e,f,y,n,f,e,p,w,t,l,w,u,18
e,f,y,n,f,e,p,w,t,r,w,a,9
e,f,y,n,f,e,p,w,t,r,w,u,15
e,f,y,n,f,s,g,w,f,f,d,a,19
e,f,y,n,f,s,g,w,f,f,d,u,16
e,f,y,n,f,s,w,w,f,f,d,a,9
e,f,y,n,f,s,w,w,f,f,d,u,8
e,f,y,n,f,s,y,w,f,f,d,a,10
e,f,y,n,f,s,y,w,f,f,d,u,12
e,f,y,w,f,e,k,w,t,e,d,a,5
e,f,y,w,f,e,k,w,t,e,d,s,2
e,f,y,w,f,e,k,w,t,e,d,u,2
e,f,y,w,f,e,k,w,t,e,d,w,4
e,f,y,w,f,e,k,w,t,e,g,a,2
e,f,y,w,f,e,k,w,t,e,g,s,3
e,f,y,w,f,e,k,w,t,e,g,u,5
e,f,y,w,f,e,k,w,t,e,g,w,4
e,f,y,w,f,e,k,w,t,e,m,a,5
e,f,y,w,f,e,k,w,t,e,m,u,4
e,f,y,w,f,e,k,w,t,e,u,a,3
e,f,y,w,f,e,k,w,t,e,u,s,4
e,f,y,w,f,e,k,w,t,e,u,u,1
e,f,y,w,f,e,k,w,t,e,u,w,2
e,f,y,w,f,e,n,w,t,e,g,a,8
e,f,y,w,f,e,n,w,t,e,g,u,4
e,f,y,w,f,e,n,w,t,e,m,a,5
e,f,y,w,f,e,n,w,t,e,m,u,1
e,f,y,w,f,e,p,w,t,e,d,a,4
e,f,y,w,f,e,p,w,t,e,d,s,3
e,f,y,w,f,e,p,w,t,e,d,u,3
e,f,y,w,f,e,p,w,t,e,d,w,2
e,f,y,w,f,e,p,w,t,e,g,a,9
e,f,y,w,f,e,p,w,t,e,g,s,3
e,f,y,w,f,e,p,w,t,e,g,u,4
e,f,y,w,f,e,p,w,t,e,g,w,4
e,f,y,w,f,e,p,w,t,e,m,a,8
e,f,y,w,f,e,p,w,t,e,m,u,5
e,f,y,w,f,e,p,w,t,e,u,a,4
e,f,y,w,f,e,p,w,t,e,u,s,2
e,f,y,w,f,e,p,w,t,e,u,u,3
e,f,y,w,f,e,p,w,t,e,u,w,4
e,f,y,w,f,e,w,w,t,e,d,a,1
e,f,y,w,f,e,w,w,t,e,d,s,5
e,f,y,w,f,e,w,w,t,e,d,u,2
e,f,y,w,f,e,w,w,t,e,d,w,4
e,f,y,w,f,e,w,w,t,e,g,a,1
e,f,y,w,f,e,w,w,t,e,g,s,3
e,f,y,w,f,e,w,w,t,e,g,w,2
e,f,y,w,f,e,w,w,t,e,u,a,4
e,f,y,w,f,e,w,w,t,e,u,s,1
e,f,y,w,f,e,w,w,t,e,u,u,1
e,f,y,w,f,e,w,w,t,e,u,w,4
e,o,l,n,f,f,f,n,f,f,d,a,24
e,o,l,n,f,f,f,n,f,f,d,u,38
e,o,l,n,f,f,f,n,f,f,d,w,31
e,o,l,n,f,f,f,n,f,f,l,a,22
e,o,l,n,f,f,f,n,f,f,l,u,25
e,o,l,n,f,f,f,n,f,f,l,w,28
e,o,y,y,f,p,y,k,f,f,d,s,87
e,o,y,y,f,p,y,k,f,f,d,u,102
e,o,y,y,f,p,y,n,f,f,d,s,69
e,o,y,y,f,p,y,n,f,f,d,u,95
e,p,d,e,f,p,n,w,f,f,d,a,17
e,p,d,e,f,p,n,w,f,f,d,u,13
e,p,d,e,f,p,w,w,f,f,d,a,16
e,p,d,e,f,p,w,w,f,f,d,u,14
e,p,d,n,f,p,n,w,f,f,d,a,9
e,p,d,n,f,p,n,w,f,f,d,u,19
e,p,d,n,f,p,w,w,f,f,d,a,14
e,p,d,n,f,p,w,w,f,f,d,u,14
e,p,d,o,f,p,n,w,f,f,d,a,20
e,p,d,o,f,p,n,w,f,f,d,u,19
e,p,d,o,f,p,w,w,f,f,d,a,14
e,p,d,o,f,p,w,w,f,f,d,u,10
e,p,i,n,t,e,p,w,t,l,d,a,22
e,p,i,n,t,e,p,w,t,l,l,a,24
e,p,i,n,t,e,p,w,t,p,d,a,34
e,p,i,n,t,e,p,w,t,p,l,a,21
e,p,s,n,t,e,g,w,t,l,m,a,6
e,p,s,n,t,e,g,w,t,l,m,u,8
e,p,s,n,t,e,g,w,t,r,m,a,7
e,p,s,n,t,e,g,w,t,r,m,u,14
e,p,s,n,t,e,n,w,t,l,m,a,5
e,p,s,n,t,e,n,w,t,l,m,u,9
e,p,s,n,t,e,n,w,t,r,m,a,9
e,p,s,n,t,e,n,w,t,r,m,u,8
e,p,s,w,f,e,k,w,t,e,d,a,4
e,p,s,w,f,e,k,w,t,e,d,u,3
e,p,s,w,f,e,k,w,t,e,d,w,5
e,p,s,w,f,e,k,w,t,e,g,a,3
e,p,s,w,f,e,k,w,t,e,g,s,2
e,p,s,w,f,e,k,w,t,e,g,u,3
e,p,s,w,f,e,k,w,t,e,g,w,2
e,p,s,w,f,e,k,w,t,e,m,a,8
e,p,s,w,f,e,k,w,t,e,m,u,6
e,p,s,w,f,e,k,w,t,e,u,a,2
e,p,s,w,f,e,k,w,t,e,u,s,4
e,p,s,w,f,e,k,w,t,e,u,u,9
e,p,s,w,f,e,k,w,t,e,u,w,6
e,p,s,w,f,e,n,w,t,e,g,a,6
e,p,s,w,f,e,n,w,t,e,g,u,1
e,p,s,w,f,e,n,w,t,e,m,a,6
e,p,s,w,f,e,n,w,t,e,m,u,7
e,p,s,w,f,e,p,w,t,e,d,a,3
e,p,s,w,f,e,p,w,t,e,d,u,2
e,p,s,w,f,e,p,w,t,e,d,w,4
e,p,s,w,f,e,p,w,t,e,g,a,4
e,p,s,w,f,e,p,w,t,e,g,s,6
e,p,s,w,f,e,p,w,t,e,g,u,7
e,p,s,w,f,e,p,w,t,e,g,w,1
e,p,s,w,f,e,p,w,t,e,m,a,4
e,p,s,w,f,e,p,w,t,e,m,u,10
e,p,s,w,f,e,p,w,t,e,u,a,2
e,p,s,w,f,e,p,w,t,e,u,s,2
e,p,s,w,f,e,p,w,t,e,u,u,2
e,p,s,w,f,e,p,w,t,e,u,w,5
e,p,s,w,f,e,w,w,t,e,d,a,1
e,p,s,w,f,e,w,w,t,e,d,s,5
e,p,s,w,f,e,w,w,t,e,d,u,1
e,p,s,w,f,e,w,w,t,e,d,w,2
e,p,s,w,f,e,w,w,t,e,g,a,2
e,p,s,w,f,e,w,w,t,e,g,s,4
e,p,s,w,f,e,w,w,t,e,g,w,5
e,p,s,w,f,e,w,w,t,e,u,a,1
e,p,s,w,f,e,w,w,t,e,u,s,1
e,p,s,w,f,e,w,w,t,e,u,w,2
e,p,s,w,t,e,g,w,t,l,m,a,7
e,p,s,w,t,e,g,w,t,l,m,u,6
e,p,s,w,t,e,g,w,t,r,m,a,9
e,p,s,w,t,e,g,w,t,r,m,u,9
e,p,s,w,t,e,n,w,t,l,m,a,8
e,p,s,w,t,e,n,w,t,l,m,u,8
e,p,s,w,t,e,n,w,t,r,m,a,6
e,p,s,w,t,e,n,w,t,r,m,u,6
e,p,t,n,f,p,w,n,f,f,d,a,29
e,p,t,n,f,p,w,n,f,f,d,u,20
e,p,t,n,f,p,y,n,f,f,d,a,23
e,p,t,n,f,p,y,n,f,f,d,u,29
e,p,w,n,f,p,w,n,f,f,d,a,13
e,p,w,n,f,p,w,n,f,f,d,u,17
e,p,w,n,f,p,y,n,f,f,d,a,18
e,p,w,n,f,p,y,n,f,f,d,u,26
e,p,y,n,t,e,p,w,t,l,d,a,20
e,p,y,n,t,e,p,w,t,l,l,a,25
e,p,y,n,t,e,p,w,t,p,d,a,24
e,p,y,n,t,e,p,w,t,p,l,a,13
e,p,y,w,f,e,k,w,t,e,d,a,1
e,p,y,w,f,e,k,w,t,e,d,s,1
e,p,y,w,f,e,k,w,t,e,d,u,3
e,p,y,w,f,e,k,w,t,e,d,w,2
e,p,y,w,f,e,k,w,t,e,g,a,6
e,p,y,w,f,e,k,w,t,e,g,s,3
e,p,y,w,f,e,k,w,t,e,g,u,6
e,p,y,w,f,e,k,w,t,e,g,w,3
e,p,y,w,f,e,k,w,t,e,m,a,7
e,p,y,w,f,e,k,w,t,e,m,u,3
e,p,y,w,f,e,k,w,t,e,u,s,1
e,p,y,w,f,e,k,w,t,e,u,u,2
e,p,y,w,f,e,k,w,t,e,u,w,2
e,p,y,w,f,e,n,w,t,e,g,a,4
e,p,y,w,f,e,n,w,t,e,g,u,3
e,p,y,w,f,e,n,w,t,e,m,a,3
e,p,y,w,f,e,n,w,t,e,m,u,5
e,p,y,w,f,e,p,w,t,e,d,a,2
e,p,y,w,f,e,p,w,t,e,d,s,1
e,p,y,w,f,e,p,w,t,e,d,w,5
e,p,y,w,f,e,p,w,t,e,g,a,7
e,p,y,w,f,e,p,w,t,e,g,u,6
e,p,y,w,f,e,p,w,t,e,g,w,7
e,p,y,w,f,e,p,w,t,e,m,a,4
e,p,y,w,f,e,p,w,t,e,m,u,9
e,p,y,w,f,e,p,w,t,e,u,a,2
e,p,y,w,f,e,p,w,t,e,u,s,1
e,p,y,w,f,e,p,w,t,e,u,u,2
e,p,y,w,f,e,p,w,t,e,u,w,3
e,p,y,w,f,e,w,w,t,e,d,a,2
e,p,y,w,f,e,w,w,t,e,d,s,2
e,p,y,w,f,e,w,w,t,e,d,u,2
e,p,y,w,f,e,w,w,t,e,g,a,3
e,p,y,w,f,e,w,w,t,e,g,s,2
e,p,y,w,f,e,w,w,t,e,g,u,5
e,p,y,w,f,e,w,w,t,e,g,w,2
e,p,y,w,f,e,w,w,t,e,u,a,3
e,p,y,w,f,e,w,w,t,e,u,s,2
e,p,y,w,f,e,w,w,t,e,u,u,2
e,p,y,w,f,e,w,w,t,e,u,w,3
e,s,d,b,f,d,b,w,f,f,d,a,2
e,s,d,b,f,d,b,w,f,f,d,w,3
e,s,d,b,f,d,b,w,f,f,g,a,2
e,s,d,b,f,d,b,w,f,f,g,w,3
e,s,d,b,f,d,b,w,f,f,m,a,2
e,s,d,b,f,d,b,w,f,f,m,w,1
e,s,d,b,f,d,o,w,f,f,d,a,3
e,s,d,b,f,d,o,w,f,f,d,w,3
e,s,d,b,f,d,o,w,f,f,g,a,3
e,s,d,b,f,d,o,w,f,f,g,w,4
e,s,d,b,f,d,o,w,f,f,m,a,3
e,s,d,b,f,d,o,w,f,f,m,w,2
e,s,d,g,t,d,p,g,f,f,d,a,18
e,s,d,g,t,d,p,g,f,f,d,u,8
e,s,d,g,t,d,p,n,f,f,d,a,10
e,s,d,g,t,d,p,n,f,f,d,u,15
e,s,d,n,t,d,p,g,f,f,d,a,11
e,s,d,n,t,d,p,g,f,f,d,u,13
e,s,d,n,t,d,p,n,f,f,d,a,8
e,s,d,n,t,d,p,n,f,f,d,u,12
e,s,d,o,f,d,b,w,f,f,d,a,2
e,s,d,o,f,d,b,w,f,f,d,w,1
e,s,d,o,f,d,b,w,f,f,g,w,3
e,s,d,o,f,d,b,w,f,f,m,a,2
e,s,d,o,f,d,b,w,f,f,m,w,2
e,s,d,o,f,d,o,w,f,f,d,a,5
e,s,d,o,f,d,o,w,f,f,d,w,1
e,s,d,o,f,d,o,w,f,f,g,a,2
e,s,d,o,f,d,o,w,f,f,g,w,1
e,s,d,o,f,d,o,w,f,f,m,a,1
e,s,d,o,f,d,o,w,f,f,m,w,1
e,s,d,p,t,d,p,g,f,f,d,a,10
e,s,d,p,t,d,p,g,f,f,d,u,8
e,s,d,p,t,d,p,n,f,f,d,a,10
e,s,d,p,t,d,p,n,f,f,d,u,10
e,s,d,u,t,d,p,g,f,f,d,a,9
e,s,d,u,t,d,p,g,f,f,d,u,16
e,s,d,u,t,d,p,n,f,f,d,a,9
e,s,d,u,t,d,p,n,f,f,d,u,12
e,s,e,g,f,a,w,w,f,f,d,a,10
e,s,e,g,f,a,w,w,f,f,d,w,7
e,s,e,g,f,a,w,w,f,f,l,a,2
e,s,e,g,f,a,w,w,f,f,l,w,4
e,s,e,g,f,d,w,w,f,f,d,a,13
e,s,e,g,f,d,w,w,f,f,d,w,10
e,s,e,g,f,d,w,w,f,f,l,a,5
e,s,e,g,f,d,w,w,f,f,l,w,4
e,s,e,n,f,a,w,w,f,f,d,a,8
e,s,e,n,f,a,w,w,f,f,d,w,5
e,s,e,n,f,a,w,w,f,f,l,a,12
e,s,e,n,f,a,w,w,f,f,l,w,6
e,s,e,n,f,d,w,w,f,f,d,a,10
e,s,e,n,f,d,w,w,f,f,d,w,10
e,s,e,n,f,d,w,w,f,f,l,a,7
e,s,e,n,f,d,w,w,f,f,l,w,8
e,s,l,n,f,f,f,n,f,f,d,a,21
e,s,l,n,f,f,f,n,f,f,d,u,37
e,s,l,n,f,f,f,n,f,f,d,w,28
e,s,l,n,f,f,f,n,f,f,l,a,26
e,s,l,n,f,f,f,n,f,f,l,u,37
e,s,l,n,f,f,f,n,f,f,l,w,36
e,s,l,w,f,d,p,w,f,f,d,a,28
e,s,l,w,f,d,p,w,f,f,d,u,21
e,s,l,w,f,d,p,w,f,f,g,a,24
e,s,l,w,f,d,p,w,f,f,g,u,19
e,s,l,w,f,d,w,w,f,f,d,a,23
e,s,l,w,f,d,w,w,f,f,d,u,21
e,s,l,w,f,d,w,w,f,f,g,a,13
e,s,l,w,f,d,w,w,f,f,g,u,32
e,s,s,b,f,d,b,w,f,f,d,a,2
e,s,s,b,f,d,b,w,f,f,d,w,4
e,s,s,b,f,d,b,w,f,f,g,a,1
e,s,s,b,f,d,b,w,f,f,g,w,3
e,s,s,b,f,d,b,w,f,f,m,a,3
e,s,s,b,f,d,b,w,f,f,m,w,1
e,s,s,b,f,d,o,w,f,f,d,a,2
e,s,s,b,f,d,o,w,f,f,d,w,1
e,s,s,b,f,d,o,w,f,f,g,a,1
e,s,s,b,f,d,o,w,f,f,g,w,1
e,s,s,b,f,d,o,w,f,f,m,a,2
e,s,s,k,f,a,k,w,f,f,d,a,5
e,s,s,k,f,a,k,w,f,f,d,u,5
e,s,s,k,f,a,k,w,f,f,d,w,5
e,s,s,k,f,a,y,w,f,f,d,a,7
e,s,s,k,f,a,y,w,f,f,d,u,3
e,s,s,k,f,a,y,w,f,f,d,w,1
e,s,s,n,f,a,k,w,f,f,d,a,3
e,s,s,n,f,a,k,w,f,f,d,u,1
e,s,s,n,f,a,k,w,f,f,d,w,1
e,s,s,n,f,a,y,w,f,f,d,a,4
e,s,s,n,f,a,y,w,f,f,d,u,3
e,s,s,n,f,a,y,w,f,f,d,w,4
e,s,s,n,f,x,n,n,f,f,d,a,4
e,s,s,n,f,x,n,n,f,f,d,u,2
e,s,s,n,f,x,n,n,f,f,d,w,4
e,s,s,n,f,x,n,p,f,f,d,a,5
e,s,s,n,f,x,n,p,f,f,d,u,5
e,s,s,n,f,x,n,p,f,f,d,w,5
e,s,s,n,f,x,n,w,f,f,d,a,5
e,s,s,n,f,x,n,w,f,f,d,u,2
e,s,s,n,f,x,n,w,f,f,d,w,2
e,s,s,o,f,d,b,w,f,f,d,a,4
e,s,s,o,f,d,b,w,f,f,d,w,4
e,s,s,o,f,d,b,w,f,f,g,a,4
e,s,s,o,f,d,b,w,f,f,g,w,5
e,s,s,o,f,d,b,w,f,f,m,a,3
e,s,s,o,f,d,b,w,f,f,m,w,2
e,s,s,o,f,d,o,w,f,f,d,a,5
e,s,s,o,f,d,o,w,f,f,d,w,2
e,s,s,o,f,d,o,w,f,f,g,a,2
e,s,s,o,f,d,o,w,f,f,g,w,2
e,s,s,o,f,d,o,w,f,f,m,a,2
e,s,s,o,f,d,o,w,f,f,m,w,4
e,s,s,r,f,x,n,n,f,f,d,a,3
e,s,s,r,f,x,n,n,f,f,d,u,3
e,s,s,r,f,x,n,n,f,f,d,w,3
e,s,s,r,f,x,n,p,f,f,d,a,4
e,s,s,r,f,x,n,p,f,f,d,u,3
e,s,s,r,f,x,n,p,f,f,d,w,5
e,s,s,r,f,x,n,w,f,f,d,u,3
e,s,s,r,f,x,n,w,f,f,d,w,4
e,s,s,u,f,x,n,n,f,f,d,a,6
e,s,s,u,f,x,n,n,f,f,d,u,3
e,s,s,u,f,x,n,n,f,f,d,w,1
e,s,s,u,f,x,n,p,f,f,d,a,9
e,s,s,u,f,x,n,p,f,f,d,u,2
e,s,s,u,f,x,n,p,f,f,d,w,4
e,s,s,u,f,x,n,w,f,f,d,a,2
e,s,s,u,f,x,n,w,f,f,d,u,1
e,s,s,u,f,x,n,w,f,f,d,w,3
e,s,s,w,f,a,k,w,f,f,d,a,3
e,s,s,w,f,a,k,w,f,f,d,u,3
e,s,s,w,f,a,k,w,f,f,d,w,3
e,s,s,w,f,a,y,w,f,f,d,a,4
e,s,s,w,f,a,y,w,f,f,d,u,1
e,s,s,w,f,a,y,w,f,f,d,w,2
e,s,s,y,f,x,n,n,f,f,d,a,4
e,s,s,y,f,x,n,n,f,f,d,u,3
e,s,s,y,f,x,n,n,f,f,d,w,3
e,s,s,y,f,x,n,p,f,f,d,a,4
e,s,s,y,f,x,n,p,f,f,d,w,3
e,s,s,y,f,x,n,w,f,f,d,a,7
e,s,s,y,f,x,n,w,f,f,d,u,2
e,s,s,y,f,x,n,w,f,f,d,w,5
e,s,t,k,f,a,k,w,f,f,d,a,2
e,s,t,k,f,a,k,w,f,f,d,u,4
e,s,t,k,f,a,k,w,f,f,d,w,4
e,s,t,k,f,a,y,w,f,f,d,a,7
e,s,t,k,f,a,y,w,f,f,d,u,6
e,s,t,k,f,a,y,w,f,f,d,w,5
e,s,t,n,f,a,k,w,f,f,d,a,3
e,s,t,n,f,a,k,w,f,f,d,u,4
e,s,t,n,f,a,k,w,f,f,d,w,3
e,s,t,n,f,a,y,w,f,f,d,a,3
e,s,t,n,f,a,y,w,f,f,d,u,4
e,s,t,n,f,a,y,w,f,f,d,w,3
e,s,t,o,t,d,o,w,f,f,d,a,53
e,s,t,o,t,d,o,w,f,f,d,u,52
e,s,t,p,t,d,o,w,f,f,d,a,70
e,s,t,p,t,d,o,w,f,f,d,u,68
e,s,t,w,f,a,k,w,f,f,d,a,2
e,s,t,w,f,a,k,w,f,f,d,u,3
e,s,t,w,f,a,k,w,f,f,d,w,2
e,s,t,w,f,a,y,w,f,f,d,a,3
e,s,t,w,f,a,y,w,f,f,d,u,4
e,s,t,w,f,a,y,w,f,f,d,w,4
e,s,t,w,t,d,o,w,f,f,d,a,55
e,s,t,w,t,d,o,w,f,f,d,u,55
e,s,w,y,f,f,f,y,f,f,d,a,51
e,s,w,y,f,f,f,y,f,f,d,u,55
e,s,y,n,f,a,p,n,f,f,h,a,18
e,s,y,n,f,a,p,n,f,f,h,u,19
e,s,y,n,f,a,p,n,f,f,l,a,18
e,s,y,n,f,a,p,n,f,f,l,u,22
e,s,y,n,f,d,p,n,f,f,h,a,23
e,s,y,n,f,d,p,n,f,f,h,u,20
e,s,y,n,f,d,p,n,f,f,l,a,18
e,s,y,n,f,d,p,n,f,f,l,u,23
e,x,d,b,f,d,b,w,f,f,d,a,5
e,x,d,b,f,d,b,w,f,f,d,w,2
e,x,d,b,f,d,b,w,f,f,g,a,3
e,x,d,b,f,d,b,w,f,f,g,w,2
e,x,d,b,f,d,b,w,f,f,m,a,2
e,x,d,b,f,d,b,w,f,f,m,w,1
e,x,d,b,f,d,o,w,f,f,d,a,2
e,x,d,b,f,d,o,w,f,f,d,w,2
e,x,d,b,f,d,o,w,f,f,g,a,1
e,x,d,b,f,d,o,w,f,f,g,w,3
e,x,d,b,f,d,o,w,f,f,m,a,5
e,x,d,b,f,d,o,w,f,f,m,w,2
e,x,d,e,f,a,e,e,f,f,g,a,3
e,x,d,e,f,a,e,e,f,f,g,w,1
e,x,d,e,f,a,e,e,f,f,m,a,1
e,x,d,e,f,a,e,e,f,f,m,u,2
e,x,d,e,f,a,e,o,f,f,g,a,3
e,x,d,e,f,a,e,o,f,f,g,u,3
e,x,d,e,f,a,e,o,f,f,g,w,3
e,x,d,e,f,a,e,o,f,f,m,a,1
e,x,d,e,f,a,e,o,f,f,m,w,4
e,x,d,e,f,a,o,e,f,f,g,u,1
e,x,d,e,f,a,o,e,f,f,g,w,3
e,x,d,e,f,a,o,e,f,f,m,a,4
e,x,d,e,f,a,o,e,f,f,m,u,3
e,x,d,e,f,a,o,e,f,f,m,w,2
e,x,d,e,f,a,o,o,f,f,g,a,1
e,x,d,e,f,a,o,o,f,f,g,u,2
e,x,d,e,f,a,o,o,f,f,g,w,3
e,x,d,e,f,a,o,o,f,f,m,u,1
e,x,d,e,f,a,o,o,f,f,m,w,2
e,x,d,e,f,p,n,w,f,f,d,a,17
e,x,d,e,f,p,n,w,f,f,d,u,7
e,x,d,e,f,p,w,w,f,f,d,a,17
e,x,d,e,f,p,w,w,f,f,d,u,11
e,x,d,e,t,p,r,e,f,f,d,a,15
e,x,d,e,t,p,r,e,f,f,d,u,19
e,x,d,e,t,p,r,y,f,f,d,a,14
e,x,d,e,t,p,r,y,f,f,d,u,21
e,x,d,e,t,p,y,e,f,f,d,a,15
e,x,d,e,t,p,y,e,f,f,d,u,12
e,x,d,e,t,p,y,y,f,f,d,a,16
e,x,d,e,t,p,y,y,f,f,d,u,13
e,x,d,n,f,p,e,n,f,f,d,a,29
e,x,d,n,f,p,e,y,f,f,d,a,27
e,x,d,n,f,p,n,n,f,f,d,a,32
e,x,d,n,f,p,n,w,f,f,d,a,16
e,x,d,n,f,p,n,w,f,f,d,u,10
e,x,d,n,f,p,n,y,f,f,d,a,29
e,x,d,n,f,p,w,w,f,f,d,a,16
e,x,d,n,f,p,w,w,f,f,d,u,11
e,x,d,n,f,p,y,n,f,f,d,a,32
e,x,d,n,f,p,y,y,f,f,d,a,23
e,x,d,n,t,p,r,e,f,f,d,a,8
e,x,d,n,t,p,r,e,f,f,d,u,19
e,x,d,n,t,p,r,y,f,f,d,a,11
e,x,d,n,t,p,r,y,f,f,d,u,14
e,x,d,n,t,p,y,e,f,f,d,a,11
e,x,d,n,t,p,y,e,f,f,d,u,16
e,x,d,n,t,p,y,y,f,f,d,a,120
e,x,d,n,t,p,y,y,f,f,d,u,86
e,x,d,o,f,a,e,e,f,f,g,a,4
e,x,d,o,f,a,e,e,f,f,g,u,3
e,x,d,o,f,a,e,e,f,f,g,w,1
e,x,d,o,f,a,e,e,f,f,m,a,1
e,x,d,o,f,a,e,e,f,f,m,w,1
e,x,d,o,f,a,e,o,f,f,g,a,1
e,x,d,o,f,a,e,o,f,f,g,u,1
e,x,d,o,f,a,e,o,f,f,g,w,1
e,x,d,o,f,a,e,o,f,f,m,a,1
e,x,d,o,f,a,e,o,f,f,m,u,2
e,x,d,o,f,a,e,o,f,f,m,w,1
e,x,d,o,f,a,o,e,f,f,g,a,4
e,x,d,o,f,a,o,e,f,f,g,u,3
e,x,d,o,f,a,o,e,f,f,g,w,1
e,x,d,o,f,a,o,e,f,f,m,a,1
e,x,d,o,f,a,o,e,f,f,m,u,1
e,x,d,o,f,a,o,e,f,f,m,w,1
e,x,d,o,f,a,o,o,f,f,g,a,1
e,x,d,o,f,a,o,o,f,f,g,u,3
e,x,d,o,f,a,o,o,f,f,g,w,3
e,x,d,o,f,a,o,o,f,f,m,a,1
e,x,d,o,f,a,o,o,f,f,m,u,5
e,x,d,o,f,a,o,o,f,f,m,w,5
e,x,d,o,f,d,b,w,f,f,d,a,2
e,x,d,o,f,d,b,w,f,f,g,a,4
e,x,d,o,f,d,b,w,f,f,m,a,2
e,x,d,o,f,d,b,w,f,f,m,w,4
e,x,d,o,f,d,o,w,f,f,d,a,2
e,x,d,o,f,d,o,w,f,f,d,w,4
e,x,d,o,f,d,o,w,f,f,g,a,3
e,x,d,o,f,d,o,w,f,f,g,w,4
e,x,d,o,f,d,o,w,f,f,m,a,1
e,x,d,o,f,d,o,w,f,f,m,w,1
e,x,d,o,f,p,n,w,f,f,d,a,18
e,x,d,o,f,p,n,w,f,f,d,u,16
e,x,d,o,f,p,w,w,f,f,d,a,22
e,x,d,o,f,p,w,w,f,f,d,u,13
e,x,d,p,f,a,e,e,f,f,g,a,1
e,x,d,p,f,a,e,e,f,f,g,w,1
e,x,d,p,f,a,e,e,f,f,m,a,1
e,x,d,p,f,a,e,e,f,f,m,u,2
e,x,d,p,f,a,e,e,f,f,m,w,3
e,x,d,p,f,a,e,o,f,f,g,a,2
e,x,d,p,f,a,e,o,f,f,g,u,3
e,x,d,p,f,a,e,o,f,f,g,w,1
e,x,d,p,f,a,e,o,f,f,m,u,1
e,x,d,p,f,a,e,o,f,f,m,w,2
e,x,d,p,f,a,o,e,f,f,g,a,3
e,x,d,p,f,a,o,e,f,f,g,u,2
e,x,d,p,f,a,o,e,f,f,m,a,3
e,x,d,p,f,a,o,e,f,f,m,u,2
e,x,d,p,f,a,o,e,f,f,m,w,2
e,x,d,p,f,a,o,o,f,f,g,a,1
e,x,d,p,f,a,o,o,f,f,g,u,1
e,x,d,p,f,a,o,o,f,f,g,w,1
e,x,d,w,f,s,w,w,f,f,d,s,24
e,x,d,w,f,s,w,w,f,f,d,u,17
e,x,d,w,f,s,w,w,f,f,m,s,24
e,x,d,w,f,s,w,w,f,f,m,u,10
e,x,d,y,t,p,r,e,f,f,d,a,13
e,x,d,y,t,p,r,e,f,f,d,u,10
e,x,d,y,t,p,r,y,f,f,d,a,17
e,x,d,y,t,p,r,y,f,f,d,u,17
e,x,d,y,t,p,y,e,f,f,d,a,20
e,x,d,y,t,p,y,e,f,f,d,u,16
e,x,d,y,t,p,y,y,f,f,d,a,103
e,x,d,y,t,p,y,y,f,f,d,u,100
e,x,e,g,f,a,w,w,f,f,d,a,9
e,x,e,g,f,a,w,w,f,f,d,w,8
e,x,e,g,f,a,w,w,f,f,l,a,9
e,x,e,g,f,a,w,w,f,f,l,w,6
e,x,e,g,f,d,w,w,f,f,d,a,7
e,x,e,g,f,d,w,w,f,f,d,w,10
e,x,e,g,f,d,w,w,f,f,l,a,5
e,x,e,g,f,d,w,w,f,f,l,w,8
e,x,e,l,f,x,w,w,f,f,d,a,88
e,x,e,l,f,x,w,w,f,f,d,u,90
e,x,e,n,f,a,w,w,f,f,d,a,9
e,x,e,n,f,a,w,w,f,f,d,w,3
e,x,e,n,f,a,w,w,f,f,l,a,5
e,x,e,n,f,a,w,w,f,f,l,w,4
e,x,e,n,f,d,w,w,f,f,d,a,6
e,x,e,n,f,d,w,w,f,f,d,w,6
e,x,e,n,f,d,w,w,f,f,l,a,13
e,x,e,n,f,d,w,w,f,f,l,w,6
e,x,e,y,f,x,w,w,f,f,d,a,89
e,x,e,y,f,x,w,w,f,f,d,u,86
e,x,g,e,t,a,p,n,f,f,d,a,7
e,x,g,e,t,a,p,n,f,f,d,u,12
e,x,g,e,t,a,p,n,f,f,h,a,6
e,x,g,e,t,a,p,n,f,f,h,u,10
e,x,g,e,t,a,w,n,f,f,d,a,7
e,x,g,e,t,a,w,n,f,f,d,u,12
e,x,g,e,t,a,w,n,f,f,h,a,4
e,x,g,e,t,a,w,n,f,f,h,u,1
e,x,g,n,f,a,w,y,f,f,d,a,1
e,x,g,n,f,a,w,y,f,f,d,u,7
e,x,g,n,f,a,w,y,f,f,g,a,3
e,x,g,n,f,a,w,y,f,f,g,u,5
e,x,g,n,f,a,w,y,f,f,h,a,2
e,x,g,n,f,a,w,y,f,f,h,u,6
e,x,g,n,f,d,w,y,f,f,d,a,8
e,x,g,n,f,d,w,y,f,f,d,u,4
e,x,g,n,f,d,w,y,f,f,g,a,6
e,x,g,n,f,d,w,y,f,f,g,u,6
e,x,g,n,f,d,w,y,f,f,h,a,3
e,x,g,n,f,d,w,y,f,f,h,u,1
e,x,g,n,t,a,p,n,f,f,d,a,10
e,x,g,n,t,a,p,n,f,f,d,u,4
e,x,g,n,t,a,p,n,f,f,h,a,8
e,x,g,n,t,a,p,n,f,f,h,u,7
e,x,g,n,t,a,w,n,f,f,d,a,8
e,x,g,n,t,a,w,n,f,f,d,u,5
e,x,g,n,t,a,w,n,f,f,h,a,10
e,x,g,n,t,a,w,n,f,f,h,u,6
e,x,g,y,f,a,w,y,f,f,d,a,5
e,x,g,y,f,a,w,y,f,f,d,u,5
e,x,g,y,f,a,w,y,f,f,g,a,5
e,x,g,y,f,a,w,y,f,f,g,u,8
e,x,g,y,f,a,w,y,f,f,h,a,6
e,x,g,y,f,a,w,y,f,f,h,u,1
e,x,g,y,f,d,w,y,f,f,d,a,5
e,x,g,y,f,d,w,y,f,f,d,u,7
e,x,g,y,f,d,w,y,f,f,g,a,6
e,x,g,y,f,d,w,y,f,f,g,u,8
e,x,g,y,f,d,w,y,f,f,h,a,3
e,x,g,y,f,d,w,y,f,f,h,u,2
e,x,h,e,f,a,e,e,f,f,g,a,1
e,x,h,e,f,a,e,e,f,f,g,u,4
e,x,h,e,f,a,e,e,f,f,g,w,2
e,x,h,e,f,a,e,e,f,f,m,a,1
e,x,h,e,f,a,e,e,f,f,m,u,3
e,x,h,e,f,a,e,e,f,f,m,w,2
e,x,h,e,f,a,e,o,f,f,g,a,2
e,x,h,e,f,a,e,o,f,f,g,u,2
e,x,h,e,f,a,e,o,f,f,g,w,2
e,x,h,e,f,a,e,o,f,f,m,a,2
e,x,h,e,f,a,e,o,f,f,m,u,1
e,x,h,e,f,a,e,o,f,f,m,w,2
e,x,h,e,f,a,o,e,f,f,g,a,2
e,x,h,e,f,a,o,e,f,f,g,w,3
e,x,h,e,f,a,o,e,f,f,m,u,1
e,x,h,e,f,a,o,e,f,f,m,w,3
e,x,h,e,f,a,o,o,f,f,g,u,3
e,x,h,e,f,a,o,o,f,f,g,w,2
e,x,h,e,f,a,o,o,f,f,m,u,1
e,x,h,e,f,a,o,o,f,f,m,w,2
e,x,h,g,f,a,n,g,t,l,d,a,17
e,x,h,g,f,a,n,g,t,l,d,u,14
e,x,h,g,f,a,n,g,t,l,d,w,10
e,x,h,g,f,a,n,w,t,l,d,a,12
e,x,h,g,f,a,n,w,t,l,d,u,15
e,x,h,g,f,a,n,w,t,l,d,w,19
e,x,h,n,f,a,n,g,t,l,d,a,16
e,x,h,n,f,a,n,g,t,l,d,u,12
e,x,h,n,f,a,n,g,t,l,d,w,19
e,x,h,n,f,a,n,w,t,l,d,a,12
e,x,h,n,f,a,n,w,t,l,d,u,13
e,x,h,n,f,a,n,w,t,l,d,w,11
e,x,h,n,f,a,w,n,f,f,d,a,1
e,x,h,n,f,a,w,n,f,f,d,s,2
e,x,h,n,f,a,w,n,f,f,d,w,1
e,x,h,n,f,a,w,o,f,f,d,a,4
e,x,h,n,f,a,w,o,f,f,d,s,3
e,x,h,n,f,a,w,o,f,f,d,w,6
e,x,h,n,f,a,y,n,f,f,d,a,5
e,x,h,n,f,a,y,n,f,f,d,s,4
e,x,h,n,f,a,y,n,f,f,d,w,4
e,x,h,n,f,a,y,o,f,f,d,s,2
e,x,h,n,f,a,y,o,f,f,d,w,5
e,x,h,n,f,e,w,n,f,f,d,a,20
e,x,h,n,f,e,w,n,f,f,d,u,16
e,x,h,n,f,e,w,w,f,f,d,a,24
e,x,h,n,f,e,w,w,f,f,d,u,25
e,x,h,n,f,p,y,n,f,f,d,a,26
e,x,h,n,f,p,y,n,f,f,d,u,29
e,x,h,n,f,p,y,n,f,f,g,a,23
e,x,h,n,f,p,y,n,f,f,g,u,30
e,x,h,n,f,p,y,n,f,f,h,a,36
e,x,h,n,f,p,y,n,f,f,h,u,35
e,x,h,n,f,x,n,n,t,r,d,a,43
e,x,h,n,f,x,n,n,t,r,d,s,45
e,x,h,n,f,x,n,n,t,r,d,u,55
e,x,h,n,f,x,n,n,t,r,d,w,48
e,x,h,n,f,x,w,n,t,r,d,a,37
e,x,h,n,f,x,w,n,t,r,d,s,37
e,x,h,n,f,x,w,n,t,r,d,u,47
e,x,h,n,f,x,w,n,t,r,d,w,41
e,x,h,n,t,p,n,n,t,p,d,a,34
e,x,h,n,t,p,n,n,t,p,d,u,34
e,x,h,n,t,p,y,n,f,f,d,a,78
e,x,h,n,t,p,y,n,f,f,d,u,85
e,x,h,n,t,p,y,n,t,p,d,a,26
e,x,h,n,t,p,y,n,t,p,d,u,26
e,x,h,o,f,a,e,e,f,f,g,u,1
e,x,h,o,f,a,e,e,f,f,g,w,3
e,x,h,o,f,a,e,e,f,f,m,a,1
e,x,h,o,f,a,e,e,f,f,m,w,1
e,x,h,o,f,a,e,o,f,f,g,u,1
e,x,h,o,f,a,e,o,f,f,g,w,1
e,x,h,o,f,a,e,o,f,f,m,a,2
e,x,h,o,f,a,e,o,f,f,m,w,1
e,x,h,o,f,a,o,e,f,f,g,a,4
e,x,h,o,f,a,o,e,f,f,g,u,1
e,x,h,o,f,a,o,e,f,f,g,w,1
e,x,h,o,f,a,o,e,f,f,m,a,2
e,x,h,o,f,a,o,e,f,f,m,u,2
e,x,h,o,f,a,o,e,f,f,m,w,3
e,x,h,o,f,a,o,o,f,f,g,a,3
e,x,h,o,f,a,o,o,f,f,g,u,2
e,x,h,o,f,a,o,o,f,f,g,w,1
e,x,h,o,f,a,o,o,f,f,m,a,1
e,x,h,o,f,a,o,o,f,f,m,u,1
e,x,h,o,f,a,w,n,f,f,d,a,1
e,x,h,o,f,a,w,n,f,f,d,s,3
e,x,h,o,f,a,w,n,f,f,d,w,5
e,x,h,o,f,a,w,o,f,f,d,a,5
e,x,h,o,f,a,w,o,f,f,d,s,3
e,x,h,o,f,a,w,o,f,f,d,w,6
e,x,h,o,f,a,y,n,f,f,d,a,5
e,x,h,o,f,a,y,n,f,f,d,s,3
e,x,h,o,f,a,y,n,f,f,d,w,2
e,x,h,o,f,a,y,o,f,f,d,a,4
e,x,h,o,f,a,y,o,f,f,d,s,3
e,x,h,o,f,a,y,o,f,f,d,w,3
e,x,h,p,f,a,e,e,f,f,g,a,1
e,x,h,p,f,a,e,e,f,f,g,u,1
e,x,h,p,f,a,e,e,f,f,g,w,1
e,x,h,p,f,a,e,e,f,f,m,a,5
e,x,h,p,f,a,e,e,f,f,m,u,1
e,x,h,p,f,a,e,e,f,f,m,w,1
e,x,h,p,f,a,e,o,f,f,g,a,4
e,x,h,p,f,a,e,o,f,f,g,u,4
e,x,h,p,f,a,e,o,f,f,g,w,1
e,x,h,p,f,a,e,o,f,f,m,a,2
e,x,h,p,f,a,e,o,f,f,m,w,2
e,x,h,p,f,a,o,e,f,f,g,a,3
e,x,h,p,f,a,o,e,f,f,g,u,2
e,x,h,p,f,a,o,e,f,f,m,u,3
e,x,h,p,f,a,o,e,f,f,m,w,1
e,x,h,p,f,a,o,o,f,f,g,a,2
e,x,h,p,f,a,o,o,f,f,g,u,3
e,x,h,p,f,a,o,o,f,f,m,a,2
e,x,h,p,f,a,o,o,f,f,m,u,1
e,x,h,p,f,a,o,o,f,f,m,w,1
e,x,h,y,t,x,y,w,f,f,d,a,98
e,x,h,y,t,x,y,w,f,f,d,u,83
e,x,i,n,f,e,n,w,t,l,w,a,13
e,x,i,n,f,e,n,w,t,l,w,u,12
e,x,i,n,f,e,n,w,t,r,w,a,7
e,x,i,n,f,e,n,w,t,r,w,u,7
e,x,i,n,f,e,p,w,t,l,w,a,12
e,x,i,n,f,e,p,w,t,l,w,u,8
e,x,i,n,f,e,p,w,t,r,w,a,10
e,x,i,n,f,e,p,w,t,r,w,u,13
e,x,i,n,t,e,p,w,t,l,d,a,21
e,x,i,n,t,e,p,w,t,l,l,a,15
e,x,i,n,t,e,p,w,t,p,d,a,36
e,x,i,n,t,e,p,w,t,p,l,a,24
e,x,k,n,f,p,e,n,f,f,d,a,25
e,x,k,n,f,p,e,y,f,f,d,a,29
e,x,k,n,f,p,n,n,f,f,d,a,33
e,x,k,n,f,p,n,y,f,f,d,a,28
e,x,k,n,f,p,y,n,f,f,d,a,25
e,x,k,n,f,p,y,y,f,f,d,a,41
e,x,l,w,f,d,p,w,f,f,d,a,18
e,x,l,w,f,d,p,w,f,f,d,u,11
e,x,l,w,f,d,p,w,f,f,g,a,19
e,x,l,w,f,d,p,w,f,f,g,u,26
e,x,l,w,f,d,w,w,f,f,d,a,25
e,x,l,w,f,d,w,w,f,f,d,u,33
e,x,l,w,f,d,w,w,f,f,g,a,19
e,x,l,w,f,d,w,w,f,f,g,u,21
e,x,s,b,f,d,b,w,f,f,d,a,3
e,x,s,b,f,d,b,w,f,f,d,w,2
e,x,s,b,f,d,b,w,f,f,g,a,3
e,x,s,b,f,d,b,w,f,f,g,w,2
e,x,s,b,f,d,b,w,f,f,m,a,1
e,x,s,b,f,d,o,w,f,f,d,a,3
e,x,s,b,f,d,o,w,f,f,d,w,2
e,x,s,b,f,d,o,w,f,f,g,a,2
e,x,s,b,f,d,o,w,f,f,g,w,4
e,x,s,b,f,d,o,w,f,f,m,a,2
e,x,s,b,f,d,o,w,f,f,m,w,4
e,x,s,b,f,x,w,n,f,f,l,a,59
e,x,s,b,f,x,w,n,f,f,l,w,36
e,x,s,e,f,a,e,e,f,f,g,a,1
e,x,s,e,f,a,e,e,f,f,g,u,4
e,x,s,e,f,a,e,e,f,f,g,w,1
e,x,s,e,f,a,e,e,f,f,m,a,1
e,x,s,e,f,a,e,e,f,f,m,u,2
e,x,s,e,f,a,e,e,f,f,m,w,2
e,x,s,e,f,a,e,o,f,f,g,u,2
e,x,s,e,f,a,e,o,f,f,g,w,2
e,x,s,e,f,a,e,o,f,f,m,a,3
e,x,s,e,f,a,e,o,f,f,m,u,3
e,x,s,e,f,a,e,o,f,f,m,w,3
e,x,s,e,f,a,o,e,f,f,g,u,3
e,x,s,e,f,a,o,e,f,f,g,w,5
e,x,s,e,f,a,o,e,f,f,m,a,1
e,x,s,e,f,a,o,e,f,f,m,u,3
e,x,s,e,f,a,o,e,f,f,m,w,2
e,x,s,e,f,a,o,o,f,f,g,a,3
e,x,s,e,f,a,o,o,f,f,g,u,3
e,x,s,e,f,a,o,o,f,f,g,w,2
e,x,s,e,f,a,o,o,f,f,m,u,2
e,x,s,e,f,a,o,o,f,f,m,w,1
e,x,s,k,f,a,k,w,f,f,d,a,2
e,x,s,k,f,a,k,w,f,f,d,u,2
e,x,s,k,f,a,k,w,f,f,d,w,1
e,x,s,k,f,a,w,w,f,f,d,a,43
e,x,s,k,f,a,w,w,f,f,d,u,49
e,x,s,k,f,a,y,w,f,f,d,a,3
e,x,s,k,f,a,y,w,f,f,d,u,3
e,x,s,k,f,a,y,w,f,f,d,w,4
e,x,s,n,f,a,k,w,f,f,d,a,4
e,x,s,n,f,a,k,w,f,f,d,u,3
e,x,s,n,f,a,k,w,f,f,d,w,3
e,x,s,n,f,a,w,y,f,f,d,a,4
e,x,s,n,f,a,w,y,f,f,d,u,4
e,x,s,n,f,a,w,y,f,f,g,a,4
e,x,s,n,f,a,w,y,f,f,g,u,5
e,x,s,n,f,a,w,y,f,f,h,a,5
e,x,s,n,f,a,w,y,f,f,h,u,4
e,x,s,n,f,a,y,w,f,f,d,a,2
e,x,s,n,f,a,y,w,f,f,d,u,3
e,x,s,n,f,a,y,w,f,f,d,w,1
e,x,s,n,f,d,w,y,f,f,d,a,6
e,x,s,n,f,d,w,y,f,f,d,u,7
e,x,s,n,f,d,w,y,f,f,g,a,4
e,x,s,n,f,d,w,y,f,f,g,u,4
e,x,s,n,f,d,w,y,f,f,h,a,5
e,x,s,n,f,d,w,y,f,f,h,u,8
e,x,s,n,f,e,p,n,f,f,d,a,22
e,x,s,n,f,e,p,n,f,f,d,s,17
e,x,s,n,f,e,p,n,f,f,d,u,20
e,x,s,n,f,e,p,n,f,f,d,w,21
e,x,s,n,f,e,p,w,f,f,d,a,31
e,x,s,n,f,e,p,w,f,f,d,s,26
e,x,s,n,f,e,p,w,f,f,d,u,17
e,x,s,n,f,e,p,w,f,f,d,w,21
e,x,s,n,f,e,w,n,f,f,d,a,21
e,x,s,n,f,e,w,n,f,f,d,s,23
e,x,s,n,f,e,w,n,f,f,d,u,15
e,x,s,n,f,e,w,n,f,f,d,w,15
e,x,s,n,f,e,w,w,f,f,d,a,29
e,x,s,n,f,e,w,w,f,f,d,s,27
e,x,s,n,f,e,w,w,f,f,d,u,23
e,x,s,n,f,e,w,w,f,f,d,w,25
e,x,s,n,f,p,n,e,f,f,d,a,18
e,x,s,n,f,p,n,e,f,f,d,u,27
e,x,s,n,f,p,n,n,f,f,d,a,20
e,x,s,n,f,p,n,n,f,f,d,u,18
e,x,s,n,f,x,n,n,f,f,d,a,4
e,x,s,n,f,x,n,n,f,f,d,u,2
e,x,s,n,f,x,n,n,f,f,d,w,4
e,x,s,n,f,x,n,p,f,f,d,a,5
e,x,s,n,f,x,n,p,f,f,d,u,2
e,x,s,n,f,x,n,p,f,f,d,w,3
e,x,s,n,f,x,n,w,f,f,d,a,5
e,x,s,n,f,x,n,w,f,f,d,u,3
e,x,s,n,f,x,n,w,f,f,d,w,3
e,x,s,n,f,x,w,n,f,f,l,a,46
e,x,s,n,f,x,w,n,f,f,l,w,35
e,x,s,n,t,e,g,w,t,l,m,a,7
e,x,s,n,t,e,g,w,t,l,m,u,9
e,x,s,n,t,e,g,w,t,r,m,a,8
e,x,s,n,t,e,g,w,t,r,m,u,4
e,x,s,n,t,e,n,w,t,l,m,a,8
e,x,s,n,t,e,n,w,t,l,m,u,8
e,x,s,n,t,e,n,w,t,r,m,a,7
e,x,s,n,t,e,n,w,t,r,m,u,5
e,x,s,n,t,p,n,n,t,p,d,a,32
e,x,s,n,t,p,n,n,t,p,d,u,31
e,x,s,n,t,p,y,n,t,p,d,a,27
e,x,s,n,t,p,y,n,t,p,d,u,31
e,x,s,o,f,a,e,e,f,f,g,a,1
e,x,s,o,f,a,e,e,f,f,g,u,2
e,x,s,o,f,a,e,e,f,f,g,w,1
e,x,s,o,f,a,e,e,f,f,m,a,2
e,x,s,o,f,a,e,e,f,f,m,u,2
e,x,s,o,f,a,e,o,f,f,g,a,1
e,x,s,o,f,a,e,o,f,f,g,u,1
e,x,s,o,f,a,e,o,f,f,m,a,1
e,x,s,o,f,a,e,o,f,f,m,u,1
e,x,s,o,f,a,e,o,f,f,m,w,2
e,x,s,o,f,a,o,e,f,f,g,a,3
e,x,s,o,f,a,o,e,f,f,g,u,1
e,x,s,o,f,a,o,e,f,f,g,w,5
e,x,s,o,f,a,o,e,f,f,m,a,1
e,x,s,o,f,a,o,e,f,f,m,u,2
e,x,s,o,f,a,o,e,f,f,m,w,2
e,x,s,o,f,a,o,o,f,f,g,a,1
e,x,s,o,f,a,o,o,f,f,g,u,3
e,x,s,o,f,a,o,o,f,f,g,w,1
e,x,s,o,f,a,o,o,f,f,m,u,1
e,x,s,o,f,a,o,o,f,f,m,w,1
e,x,s,o,f,d,b,w,f,f,d,a,1
e,x,s,o,f,d,b,w,f,f,d,w,5
e,x,s,o,f,d,b,w,f,f,g,a,3
e,x,s,o,f,d,b,w,f,f,g,w,1
e,x,s,o,f,d,b,w,f,f,m,a,2
e,x,s,o,f,d,b,w,f,f,m,w,1
e,x,s,o,f,d,o,w,f,f,d,a,3
e,x,s,o,f,d,o,w,f,f,d,w,2
e,x,s,o,f,d,o,w,f,f,g,a,1
e,x,s,o,f,d,o,w,f,f,m,a,3
e,x,s,o,f,d,o,w,f,f,m,w,2
e,x,s,o,f,p,n,e,f,f,d,a,21
e,x,s,o,f,p,n,e,f,f,d,u,26
e,x,s,o,f,p,n,n,f,f,d,a,18
e,x,s,o,f,p,n,n,f,f,d,u,28
e,x,s,p,f,a,e,e,f,f,g,a,2
e,x,s,p,f,a,e,e,f,f,g,u,1
e,x,s,p,f,a,e,e,f,f,g,w,2
e,x,s,p,f,a,e,e,f,f,m,u,1
e,x,s,p,f,a,e,e,f,f,m,w,1
e,x,s,p,f,a,e,o,f,f,g,a,1
e,x,s,p,f,a,e,o,f,f,g,u,1
e,x,s,p,f,a,e,o,f,f,g,w,2
e,x,s,p,f,a,e,o,f,f,m,a,3
e,x,s,p,f,a,e,o,f,f,m,u,2
e,x,s,p,f,a,e,o,f,f,m,w,2
e,x,s,p,f,a,o,e,f,f,g,a,1
e,x,s,p,f,a,o,e,f,f,g,u,2
e,x,s,p,f,a,o,e,f,f,g,w,2
e,x,s,p,f,a,o,e,f,f,m,u,1
e,x,s,p,f,a,o,e,f,f,m,w,2
e,x,s,p,f,a,o,o,f,f,g,a,3
e,x,s,p,f,a,o,o,f,f,g,u,1
e,x,s,p,f,a,o,o,f,f,g,w,1
e,x,s,p,f,a,o,o,f,f,m,a,1
e,x,s,p,f,a,o,o,f,f,m,w,2
e,x,s,r,f,x,n,n,f,f,d,a,5
e,x,s,r,f,x,n,n,f,f,d,w,4
e,x,s,r,f,x,n,p,f,f,d,a,5
e,x,s,r,f,x,n,p,f,f,d,u,4
e,x,s,r,f,x,n,p,f,f,d,w,2
e,x,s,r,f,x,n,w,f,f,d,a,8
e,x,s,r,f,x,n,w,f,f,d,w,1
e,x,s,u,f,a,w,w,f,f,d,a,36
e,x,s,u,f,a,w,w,f,f,d,u,46
e,x,s,u,f,x,n,n,f,f,d,a,4
e,x,s,u,f,x,n,n,f,f,d,u,3
e,x,s,u,f,x,n,n,f,f,d,w,3
e,x,s,u,f,x,n,p,f,f,d,a,4
e,x,s,u,f,x,n,p,f,f,d,u,4
e,x,s,u,f,x,n,p,f,f,d,w,1
e,x,s,u,f,x,n,w,f,f,d,a,3
e,x,s,u,f,x,n,w,f,f,d,u,5
e,x,s,u,f,x,n,w,f,f,d,w,2
e,x,s,w,f,a,k,w,f,f,d,a,3
e,x,s,w,f,a,k,w,f,f,d,u,3
e,x,s,w,f,a,y,w,f,f,d,a,7
e,x,s,w,f,a,y,w,f,f,d,u,1
e,x,s,w,f,a,y,w,f,f,d,w,3
e,x,s,w,f,d,w,w,f,f,g,a,50
e,x,s,w,f,d,w,w,f,f,g,w,40
e,x,s,w,f,d,w,w,f,f,m,a,40
e,x,s,w,f,d,w,w,f,f,m,w,50
e,x,s,w,f,e,k,w,t,e,g,a,3
e,x,s,w,f,e,k,w,t,e,g,u,8
e,x,s,w,f,e,k,w,t,e,m,a,4
e,x,s,w,f,e,k,w,t,e,m,u,6
e,x,s,w,f,e,n,w,t,e,g,a,1
e,x,s,w,f,e,n,w,t,e,g,u,9
e,x,s,w,f,e,n,w,t,e,m,a,5
e,x,s,w,f,e,n,w,t,e,m,u,4
e,x,s,w,f,e,p,w,t,e,g,a,4
e,x,s,w,f,e,p,w,t,e,g,u,5
e,x,s,w,f,e,p,w,t,e,m,a,4
e,x,s,w,f,e,p,w,t,e,m,u,4
e,x,s,w,f,s,w,w,f,f,d,s,18
e,x,s,w,f,s,w,w,f,f,d,u,25
e,x,s,w,f,s,w,w,f,f,m,s,19
e,x,s,w,f,s,w,w,f,f,m,u,20
e,x,s,w,t,e,g,w,t,l,m,a,4
e,x,s,w,t,e,g,w,t,l,m,u,8
e,x,s,w,t,e,g,w,t,r,m,a,9
e,x,s,w,t,e,g,w,t,r,m,u,9
e,x,s,w,t,e,n,w,t,l,m,a,9
e,x,s,w,t,e,n,w,t,l,m,u,7
e,x,s,w,t,e,n,w,t,r,m,a,7
e,x,s,w,t,e,n,w,t,r,m,u,6
e,x,s,y,f,a,w,y,f,f,d,a,8
e,x,s,y,f,a,w,y,f,f,d,u,3
e,x,s,y,f,a,w,y,f,f,g,a,9
e,x,s,y,f,a,w,y,f,f,g,u,4
e,x,s,y,f,a,w,y,f,f,h,a,3
e,x,s,y,f,a,w,y,f,f,h,u,4
e,x,s,y,f,d,w,y,f,f,d,a,3
e,x,s,y,f,d,w,y,f,f,d,u,2
e,x,s,y,f,d,w,y,f,f,g,a,5
e,x,s,y,f,d,w,y,f,f,g,u,5
e,x,s,y,f,d,w,y,f,f,h,a,9
e,x,s,y,f,d,w,y,f,f,h,u,6
e,x,s,y,f,x,n,n,f,f,d,a,2
e,x,s,y,f,x,n,n,f,f,d,u,3
e,x,s,y,f,x,n,n,f,f,d,w,6
e,x,s,y,f,x,n,p,f,f,d,a,2
e,x,s,y,f,x,n,p,f,f,d,u,3
e,x,s,y,f,x,n,p,f,f,d,w,1
e,x,s,y,f,x,n,w,f,f,d,u,2
e,x,s,y,f,x,n,w,f,f,d,w,5
e,x,t,g,f,a,n,g,t,l,d,a,23
e,x,t,g,f,a,n,g,t,l,d,u,12
e,x,t,g,f,a,n,g,t,l,d,w,12
e,x,t,g,f,a,n,w,t,l,d,a,14
e,x,t,g,f,a,n,w,t,l,d,u,19
e,x,t,g,f,a,n,w,t,l,d,w,19
e,x,t,k,f,a,k,w,f,f,d,a,4
e,x,t,k,f,a,k,w,f,f,d,u,2
e,x,t,k,f,a,k,w,f,f,d,w,3
e,x,t,k,f,a,y,w,f,f,d,a,7
e,x,t,k,f,a,y,w,f,f,d,u,3
e,x,t,k,f,a,y,w,f,f,d,w,5
e,x,t,n,f,a,k,w,f,f,d,a,2
e,x,t,n,f,a,k,w,f,f,d,u,1
e,x,t,n,f,a,k,w,f,f,d,w,5
e,x,t,n,f,a,n,g,t,l,d,a,12
e,x,t,n,f,a,n,g,t,l,d,u,19
e,x,t,n,f,a,n,g,t,l,d,w,16
e,x,t,n,f,a,n,w,t,l,d,a,12
e,x,t,n,f,a,n,w,t,l,d,u,11
e,x,t,n,f,a,n,w,t,l,d,w,14
e,x,t,n,f,a,w,n,f,f,d,a,9
e,x,t,n,f,a,w,n,f,f,d,s,6
e,x,t,n,f,a,w,n,f,f,d,w,2
e,x,t,n,f,a,w,o,f,f,d,a,2
e,x,t,n,f,a,w,o,f,f,d,s,1
e,x,t,n,f,a,w,o,f,f,d,w,2
e,x,t,n,f,a,w,y,f,f,d,a,6
e,x,t,n,f,a,w,y,f,f,g,a,4
e,x,t,n,f,a,w,y,f,f,g,u,3
e,x,t,n,f,a,w,y,f,f,h,a,5
e,x,t,n,f,a,w,y,f,f,h,u,3
e,x,t,n,f,a,y,n,f,f,d,a,5
e,x,t,n,f,a,y,n,f,f,d,s,7
e,x,t,n,f,a,y,n,f,f,d,w,5
e,x,t,n,f,a,y,o,f,f,d,a,2
e,x,t,n,f,a,y,o,f,f,d,s,2
e,x,t,n,f,a,y,o,f,f,d,w,4
e,x,t,n,f,a,y,w,f,f,d,a,2
e,x,t,n,f,a,y,w,f,f,d,u,5
e,x,t,n,f,a,y,w,f,f,d,w,2
e,x,t,n,f,d,o,o,f,f,d,a,45
e,x,t,n,f,d,o,o,f,f,d,w,31
e,x,t,n,f,d,o,w,f,f,d,a,43
e,x,t,n,f,d,o,w,f,f,d,w,56
e,x,t,n,f,d,w,y,f,f,d,a,6
e,x,t,n,f,d,w,y,f,f,d,u,3
e,x,t,n,f,d,w,y,f,f,g,a,2
e,x,t,n,f,d,w,y,f,f,g,u,3
e,x,t,n,f,d,w,y,f,f,h,a,7
e,x,t,n,f,d,w,y,f,f,h,u,6
e,x,t,n,f,e,w,n,f,f,d,a,22
e,x,t,n,f,e,w,n,f,f,d,u,25
e,x,t,n,f,e,w,w,f,f,d,a,26
e,x,t,n,f,e,w,w,f,f,d,u,20
e,x,t,n,f,p,n,e,f,f,d,a,23
e,x,t,n,f,p,n,e,f,f,d,u,23
e,x,t,n,f,p,n,n,f,f,d,a,21
e,x,t,n,f,p,n,n,f,f,d,u,26
e,x,t,n,f,p,w,n,f,f,d,a,27
e,x,t,n,f,p,w,n,f,f,d,u,26
e,x,t,n,f,p,y,n,f,f,d,a,53
e,x,t,n,f,p,y,n,f,f,d,u,34
e,x,t,n,f,p,y,n,f,f,g,a,40
e,x,t,n,f,p,y,n,f,f,g,u,38
e,x,t,n,f,p,y,n,f,f,h,a,19
e,x,t,n,f,p,y,n,f,f,h,u,33
e,x,t,n,t,p,n,n,t,p,d,a,20
e,x,t,n,t,p,n,n,t,p,d,u,19
e,x,t,n,t,p,y,n,f,f,d,a,88
e,x,t,n,t,p,y,n,f,f,d,u,102
e,x,t,n,t,p,y,n,t,p,d,a,50
e,x,t,n,t,p,y,n,t,p,d,u,23
e,x,t,o,f,a,w,n,f,f,d,a,5
e,x,t,o,f,a,w,n,f,f,d,s,1
e,x,t,o,f,a,w,n,f,f,d,w,1
e,x,t,o,f,a,w,o,f,f,d,a,1
e,x,t,o,f,a,w,o,f,f,d,s,4
e,x,t,o,f,a,w,o,f,f,d,w,5
e,x,t,o,f,a,y,n,f,f,d,a,3
e,x,t,o,f,a,y,n,f,f,d,s,5
e,x,t,o,f,a,y,n,f,f,d,w,7
e,x,t,o,f,a,y,o,f,f,d,a,2
e,x,t,o,f,a,y,o,f,f,d,s,3
e,x,t,o,f,a,y,o,f,f,d,w,6
e,x,t,o,f,p,n,e,f,f,d,a,19
e,x,t,o,f,p,n,e,f,f,d,u,24
e,x,t,o,f,p,n,n,f,f,d,a,21
e,x,t,o,f,p,n,n,f,f,d,u,20
e,x,t,w,f,a,k,w,f,f,d,a,4
e,x,t,w,f,a,k,w,f,f,d,u,3
e,x,t,w,f,a,k,w,f,f,d,w,2
e,x,t,w,f,a,y,w,f,f,d,a,3
e,x,t,w,f,a,y,w,f,f,d,u,6
e,x,t,w,f,a,y,w,f,f,d,w,3
e,x,t,y,f,a,w,y,f,f,d,a,6
e,x,t,y,f,a,w,y,f,f,d,u,8
e,x,t,y,f,a,w,y,f,f,g,a,8
e,x,t,y,f,a,w,y,f,f,g,u,3
e,x,t,y,f,a,w,y,f,f,h,a,5
e,x,t,y,f,a,w,y,f,f,h,u,7
e,x,t,y,f,d,w,y,f,f,d,a,7
e,x,t,y,f,d,w,y,f,f,d,u,5
e,x,t,y,f,d,w,y,f,f,g,a,7
e,x,t,y,f,d,w,y,f,f,g,u,4
e,x,t,y,f,d,w,y,f,f,h,a,6
e,x,t,y,f,d,w,y,f,f,h,u,5
e,x,t,y,t,x,y,w,f,f,d,a,88
e,x,t,y,t,x,y,w,f,f,d,u,84
e,x,w,n,f,p,w,n,f,f,d,a,17
e,x,w,n,f,p,w,n,f,f,d,u,19
e,x,w,n,f,p,y,n,f,f,d,a,22
e,x,w,n,f,p,y,n,f,f,d,u,24
e,x,w,y,f,f,f,y,f,f,d,a,56
e,x,w,y,f,f,f,y,f,f,d,u,57
e,x,y,g,f,s,g,w,f,f,d,a,12
e,x,y,g,f,s,g,w,f,f,d,u,14
e,x,y,g,f,s,w,w,f,f,d,a,10
e,x,y,g,f,s,w,w,f,f,d,u,19
e,x,y,g,f,s,y,w,f,f,d,a,18
e,x,y,g,f,s,y,w,f,f,d,u,18
e,x,y,n,f,e,n,w,t,l,w,a,7
e,x,y,n,f,e,n,w,t,l,w,u,11
e,x,y,n,f,e,n,w,t,r,w,a,10
e,x,y,n,f,e,n,w,t,r,w,u,13
e,x,y,n,f,e,p,n,f,f,d,a,86
e,x,y,n,f,e,p,n,f,f,d,u,95
e,x,y,n,f,e,p,w,t,l,w,a,18
e,x,y,n,f,e,p,w,t,l,w,u,10
e,x,y,n,f,e,p,w,t,r,w,a,11
e,x,y,n,f,e,p,w,t,r,w,u,12
e,x,y,n,f,e,w,n,f,f,d,a,97
e,x,y,n,f,e,w,n,f,f,d,u,75
e,x,y,n,f,s,g,w,f,f,d,a,13
e,x,y,n,f,s,g,w,f,f,d,u,19
e,x,y,n,f,s,w,w,f,f,d,a,10
e,x,y,n,f,s,w,w,f,f,d,u,7
e,x,y,n,f,s,y,w,f,f,d,a,13
e,x,y,n,f,s,y,w,f,f,d,u,15
e,x,y,n,t,e,p,w,t,l,d,a,15
e,x,y,n,t,e,p,w,t,l,l,a,16
e,x,y,n,t,e,p,w,t,p,d,a,21
e,x,y,n,t,e,p,w,t,p,l,a,22
e,x,y,w,f,e,k,w,t,e,g,a,7
e,x,y,w,f,e,k,w,t,e,g,u,4
e,x,y,w,f,e,k,w,t,e,m,a,2
e,x,y,w,f,e,k,w,t,e,m,u,8
e,x,y,w,f,e,n,w,t,e,g,a,5
e,x,y,w,f,e,n,w,t,e,g,u,2
e,x,y,w,f,e,n,w,t,e,m,a,1
e,x,y,w,f,e,n,w,t,e,m,u,5
e,x,y,w,f,e,p,w,t,e,g,a,10
e,x,y,w,f,e,p,w,t,e,g,u,5
e,x,y,w,f,e,p,w,t,e,m,a,6
e,x,y,w,f,e,p,w,t,e,m,u,8
p,b,d,p,f,a,r,r,f,f,d,u,2
p,b,d,p,f,a,r,r,f,f,g,a,1
p,b,d,p,f,a,r,r,f,f,m,a,1
p,b,d,p,f,a,r,y,f,f,d,a,1
p,b,d,p,f,a,r,y,f,f,d,u,1
p,b,d,p,f,a,r,y,f,f,g,u,1
p,b,d,p,f,a,r,y,f,f,m,a,1
p,b,d,p,f,a,r,y,f,f,m,u,2
p,b,d,p,f,a,y,r,f,f,d,a,2
p,b,d,p,f,a,y,r,f,f,d,u,2
p,b,d,p,f,a,y,r,f,f,g,u,3
p,b,d,p,f,a,y,r,f,f,m,u,2
p,b,d,p,f,a,y,y,f,f,d,u,2
p,b,d,p,f,a,y,y,f,f,m,a,1
p,b,d,r,f,a,r,r,f,f,d,a,1
p,b,d,r,f,a,r,r,f,f,d,u,1
p,b,d,r,f,a,r,r,f,f,g,u,3
p,b,d,r,f,a,r,r,f,f,m,a,1
p,b,d,r,f,a,r,r,f,f,m,u,1
p,b,d,r,f,a,r,y,f,f,d,a,1
p,b,d,r,f,a,y,r,f,f,d,a,1
p,b,d,r,f,a,y,r,f,f,d,u,3
p,b,d,r,f,a,y,r,f,f,g,a,2
p,b,d,r,f,a,y,r,f,f,g,u,1
p,b,d,r,f,a,y,r,f,f,m,a,1
p,b,d,r,f,a,y,y,f,f,d,a,2
p,b,d,r,f,a,y,y,f,f,d,u,1
p,b,d,r,f,a,y,y,f,f,g,a,2
p,b,d,r,f,a,y,y,f,f,m,u,1
p,b,d,y,f,a,r,r,f,f,d,a,1
p,b,d,y,f,a,r,r,f,f,m,u,1
p,b,d,y,f,a,r,y,f,f,d,u,1
p,b,d,y,f,a,r,y,f,f,g,u,2
p,b,d,y,f,a,r,y,f,f,m,a,2
p,b,d,y,f,a,r,y,f,f,m,u,1
p,b,d,y,f,a,y,r,f,f,d,a,2
p,b,d,y,f,a,y,r,f,f,d,u,1
p,b,d,y,f,a,y,r,f,f,g,u,1
p,b,d,y,f,a,y,r,f,f,m,a,2
p,b,d,y,f,a,y,y,f,f,d,a,1
p,b,d,y,f,a,y,y,f,f,d,u,1
p,b,d,y,f,a,y,y,f,f,g,a,1
p,b,d,y,f,a,y,y,f,f,m,a,1
p,b,d,y,f,a,y,y,f,f,m,u,1
p,b,h,l,f,s,g,l,t,e,g,a,2
p,b,h,l,f,s,g,l,t,e,m,u,2
p,b,h,l,f,s,g,n,t,e,g,u,1
p,b,h,l,f,s,g,n,t,e,m,u,1
p,b,h,l,f,s,g,w,t,e,d,u,2
p,b,h,l,f,s,g,w,t,e,g,a,1
p,b,h,l,f,s,g,w,t,e,m,a,2
p,b,h,l,f,s,n,l,t,e,d,a,1
p,b,h,l,f,s,n,l,t,e,d,u,1
p,b,h,l,f,s,n,n,t,e,d,a,1
p,b,h,l,f,s,n,n,t,e,d,u,1
p,b,h,l,f,s,n,n,t,e,m,a,2
p,b,h,l,f,s,n,n,t,e,m,u,1
p,b,h,l,f,s,n,w,t,e,d,u,1
p,b,h,l,f,s,n,w,t,e,g,u,1
p,b,h,l,f,s,u,l,t,e,d,a,2
p,b,h,l,f,s,u,l,t,e,g,a,2
p,b,h,l,f,s,u,n,t,e,d,u,2
p,b,h,l,f,s,u,n,t,e,g,a,1
p,b,h,l,f,s,u,n,t,e,m,a,1
p,b,h,l,f,s,u,w,t,e,d,a,1
p,b,h,l,f,s,u,w,t,e,g,a,1
p,b,h,n,f,a,n,n,f,f,d,a,31
p,b,h,n,f,a,n,n,f,f,d,s,44
p,b,h,n,f,a,n,n,f,f,d,u,48
p,b,h,n,f,a,n,n,f,f,g,a,36
p,b,h,n,f,a,n,n,f,f,g,s,31
p,b,h,n,f,a,n,n,f,f,g,u,38
p,b,h,n,f,a,n,n,f,f,h,a,43
p,b,h,n,f,a,n,n,f,f,h,s,46
p,b,h,n,f,a,n,n,f,f,h,u,36
p,b,h,r,f,s,g,l,t,e,g,u,1
p,b,h,r,f,s,g,n,t,e,g,a,1
p,b,h,r,f,s,g,w,t,e,d,u,1
p,b,h,r,f,s,g,w,t,e,m,a,1
p,b,h,r,f,s,n,l,t,e,d,u,2
p,b,h,r,f,s,n,l,t,e,g,a,1
p,b,h,r,f,s,n,n,t,e,g,a,1
p,b,h,r,f,s,n,w,t,e,m,u,1
p,b,h,r,f,s,u,l,t,e,g,u,1
p,b,h,r,f,s,u,n,t,e,d,a,1
p,b,h,r,f,s,u,n,t,e,d,u,1
p,b,h,r,f,s,u,w,t,e,d,u,1
p,b,h,r,f,s,u,w,t,e,g,a,2
p,b,h,r,f,s,u,w,t,e,m,u,1
p,b,i,e,f,e,g,k,f,f,g,u,1
p,b,i,e,f,e,g,o,f,f,g,a,1
p,b,i,e,f,e,g,o,f,f,g,u,1
p,b,i,e,f,e,g,y,f,f,g,a,1
p,b,i,e,f,e,k,o,f,f,g,u,1
p,b,i,e,f,e,k,o,f,f,m,u,2
p,b,i,e,f,e,k,y,f,f,g,a,3
p,b,i,e,f,e,k,y,f,f,g,u,3
p,b,i,e,f,e,k,y,f,f,m,a,1
p,b,i,e,f,e,k,y,f,f,m,u,1
p,b,i,e,f,e,y,k,f,f,g,u,2
p,b,i,e,f,e,y,k,f,f,m,a,1
p,b,i,e,f,e,y,k,f,f,m,u,1
p,b,i,e,f,e,y,o,f,f,g,u,3
p,b,i,e,f,e,y,o,f,f,m,a,1
p,b,i,e,f,e,y,o,f,f,m,u,2
p,b,i,e,f,e,y,y,f,f,g,a,1
p,b,i,e,f,e,y,y,f,f,m,a,1
p,b,i,e,f,e,y,y,f,f,m,u,2
p,b,i,k,f,e,g,k,f,f,m,a,1
p,b,i,k,f,e,g,o,f,f,m,u,1
p,b,i,k,f,e,g,y,f,f,g,a,1
p,b,i,k,f,e,g,y,f,f,m,a,1
p,b,i,k,f,e,g,y,f,f,m,u,2
p,b,i,k,f,e,k,k,f,f,g,a,2
p,b,i,k,f,e,k,k,f,f,g,u,1
p,b,i,k,f,e,k,k,f,f,m,a,2
p,b,i,k,f,e,k,y,f,f,g,a,1
p,b,i,k,f,e,k,y,f,f,m,a,1
p,b,i,k,f,e,k,y,f,f,m,u,1
p,b,i,k,f,e,y,k,f,f,g,a,2
p,b,i,k,f,e,y,k,f,f,g,u,3
p,b,i,k,f,e,y,k,f,f,m,a,1
p,b,i,k,f,e,y,k,f,f,m,u,2
p,b,i,k,f,e,y,o,f,f,g,a,1
p,b,i,k,f,e,y,o,f,f,g,u,1
p,b,i,k,f,e,y,o,f,f,m,u,2
p,b,i,k,f,e,y,y,f,f,g,u,1
p,b,i,k,f,e,y,y,f,f,m,u,1
p,b,i,o,f,e,g,k,f,f,g,u,3
p,b,i,o,f,e,g,k,f,f,m,a,2
p,b,i,o,f,e,g,o,f,f,g,a,2
p,b,i,o,f,e,g,o,f,f,g,u,2
p,b,i,o,f,e,g,o,f,f,m,u,2
p,b,i,o,f,e,g,y,f,f,g,a,1
p,b,i,o,f,e,g,y,f,f,g,u,3
p,b,i,o,f,e,g,y,f,f,m,a,1
p,b,i,o,f,e,k,o,f,f,g,a,2
p,b,i,o,f,e,k,o,f,f,g,u,2
p,b,i,o,f,e,k,o,f,f,m,a,2
p,b,i,o,f,e,k,o,f,f,m,u,1
p,b,i,o,f,e,k,y,f,f,g,u,1
p,b,i,o,f,e,k,y,f,f,m,a,1
p,b,i,o,f,e,y,k,f,f,m,a,1
p,b,i,o,f,e,y,y,f,f,m,a,1
p,b,i,o,f,e,y,y,f,f,m,u,1
p,b,s,e,f,e,g,k,f,f,g,a,3
p,b,s,e,f,e,g,k,f,f,g,u,1
p,b,s,e,f,e,g,k,f,f,m,a,1
p,b,s,e,f,e,g,o,f,f,m,u,1
p,b,s,e,f,e,g,y,f,f,g,u,1
p,b,s,e,f,e,g,y,f,f,m,a,3
p,b,s,e,f,e,k,k,f,f,m,u,1
p,b,s,e,f,e,k,o,f,f,g,u,1
p,b,s,e,f,e,k,o,f,f,m,u,2
p,b,s,e,f,e,k,y,f,f,g,a,2
p,b,s,e,f,e,y,k,f,f,g,u,1
p,b,s,e,f,e,y,k,f,f,m,u,2
p,b,s,e,f,e,y,o,f,f,g,u,2
p,b,s,e,f,e,y,o,f,f,m,a,1
p,b,s,e,f,e,y,o,f,f,m,u,1
p,b,s,e,f,e,y,y,f,f,g,a,1
p,b,s,e,f,e,y,y,f,f,g,u,1
p,b,s,k,f,e,g,k,f,f,g,a,1
p,b,s,k,f,e,g,k,f,f,g,u,2
p,b,s,k,f,e,g,o,f,f,g,a,1
p,b,s,k,f,e,g,o,f,f,m,a,3
p,b,s,k,f,e,g,o,f,f,m,u,1
p,b,s,k,f,e,g,y,f,f,g,a,3
p,b,s,k,f,e,g,y,f,f,g,u,1
p,b,s,k,f,e,g,y,f,f,m,a,3
p,b,s,k,f,e,k,k,f,f,g,u,2
p,b,s,k,f,e,k,k,f,f,m,a,1
p,b,s,k,f,e,k,o,f,f,g,a,2
p,b,s,k,f,e,k,o,f,f,m,a,1
p,b,s,k,f,e,k,o,f,f,m,u,1
p,b,s,k,f,e,k,y,f,f,g,a,1
p,b,s,k,f,e,k,y,f,f,g,u,1
p,b,s,k,f,e,y,k,f,f,g,a,1
p,b,s,k,f,e,y,k,f,f,m,a,1
p,b,s,k,f,e,y,k,f,f,m,u,1
p,b,s,k,f,e,y,o,f,f,g,a,2
p,b,s,k,f,e,y,o,f,f,m,a,1
p,b,s,k,f,e,y,y,f,f,g,a,1
p,b,s,k,f,e,y,y,f,f,g,u,1
p,b,s,k,f,e,y,y,f,f,m,u,2
p,b,s,o,f,e,g,k,f,f,g,a,1
p,b,s,o,f,e,g,k,f,f,g,u,1
p,b,s,o,f,e,g,k,f,f,m,u,1
p,b,s,o,f,e,g,o,f,f,g,a,2
p,b,s,o,f,e,g,o,f,f,m,a,3
p,b,s,o,f,e,g,y,f,f,m,a,1
p,b,s,o,f,e,k,k,f,f,g,u,2
p,b,s,o,f,e,k,o,f,f,g,u,1
p,b,s,o,f,e,k,o,f,f,m,u,1
p,b,s,o,f,e,k,y,f,f,g,a,1
p,b,s,o,f,e,k,y,f,f,m,a,1
p,b,s,o,f,e,y,k,f,f,g,a,2
p,b,s,o,f,e,y,k,f,f,g,u,2
p,b,s,o,f,e,y,k,f,f,m,a,2
p,b,s,o,f,e,y,k,f,f,m,u,2
p,b,s,o,f,e,y,o,f,f,g,u,2
p,b,s,o,f,e,y,o,f,f,m,u,2
p,b,s,o,f,e,y,y,f,f,g,a,2
p,b,s,o,f,e,y,y,f,f,m,a,1
p,b,s,o,f,e,y,y,f,f,m,u,1
p,b,t,l,f,s,g,l,t,e,g,a,1
p,b,t,l,f,s,g,l,t,e,g,u,1
p,b,t,l,f,s,g,l,t,e,m,a,2
p,b,t,l,f,s,g,n,t,e,g,a,1
p,b,t,l,f,s,g,n,t,e,g,u,2
p,b,t,l,f,s,g,n,t,e,m,u,1
p,b,t,l,f,s,g,w,t,e,d,a,1
p,b,t,l,f,s,g,w,t,e,g,u,1
p,b,t,l,f,s,g,w,t,e,m,a,2
p,b,t,l,f,s,n,l,t,e,d,a,3
p,b,t,l,f,s,n,l,t,e,d,u,3
p,b,t,l,f,s,n,n,t,e,d,a,1
p,b,t,l,f,s,n,n,t,e,d,u,1
p,b,t,l,f,s,n,n,t,e,m,a,1
p,b,t,l,f,s,n,w,t,e,d,a,1
p,b,t,l,f,s,n,w,t,e,d,u,1
p,b,t,l,f,s,n,w,t,e,g,a,1
p,b,t,l,f,s,u,l,t,e,d,a,2
p,b,t,l,f,s,u,l,t,e,d,u,1
p,b,t,l,f,s,u,n,t,e,g,u,2
p,b,t,l,f,s,u,n,t,e,m,a,1
p,b,t,l,f,s,u,w,t,e,d,a,1
p,b,t,n,f,x,p,g,f,f,d,a,17
p,b,t,n,f,x,p,g,f,f,d,u,14
p,b,t,n,f,x,p,g,f,f,g,a,16
p,b,t,n,f,x,p,g,f,f,g,u,9
p,b,t,n,f,x,p,g,f,f,m,a,14
p,b,t,n,f,x,p,g,f,f,m,u,13
p,b,t,n,f,x,p,n,f,f,d,a,19
p,b,t,n,f,x,p,n,f,f,d,u,17
p,b,t,n,f,x,p,n,f,f,g,a,11
p,b,t,n,f,x,p,n,f,f,g,u,16
p,b,t,n,f,x,p,n,f,f,m,a,17
p,b,t,n,f,x,p,n,f,f,m,u,15
p,b,t,p,f,a,r,r,f,f,d,u,2
p,b,t,p,f,a,r,r,f,f,g,a,1
p,b,t,p,f,a,r,r,f,f,g,u,2
p,b,t,p,f,a,r,r,f,f,m,a,1
p,b,t,p,f,a,r,r,f,f,m,u,1
p,b,t,p,f,a,r,y,f,f,g,a,1
p,b,t,p,f,a,r,y,f,f,g,u,1
p,b,t,p,f,a,r,y,f,f,m,a,1
p,b,t,p,f,a,r,y,f,f,m,u,1
p,b,t,p,f,a,y,r,f,f,g,a,1
p,b,t,p,f,a,y,r,f,f,m,a,1
p,b,t,p,f,a,y,y,f,f,d,a,2
p,b,t,p,f,a,y,y,f,f,d,u,1
p,b,t,p,f,a,y,y,f,f,g,u,1
p,b,t,r,f,a,r,r,f,f,d,a,1
p,b,t,r,f,a,r,r,f,f,d,u,1
p,b,t,r,f,a,r,r,f,f,m,a,1
p,b,t,r,f,a,r,r,f,f,m,u,1
p,b,t,r,f,a,r,y,f,f,d,a,1
p,b,t,r,f,a,r,y,f,f,g,a,1
p,b,t,r,f,a,r,y,f,f,g,u,2
p,b,t,r,f,a,y,r,f,f,d,a,2
p,b,t,r,f,a,y,r,f,f,g,a,2
p,b,t,r,f,a,y,r,f,f,m,a,1
p,b,t,r,f,a,y,r,f,f,m,u,1
p,b,t,r,f,a,y,y,f,f,d,a,1
p,b,t,r,f,a,y,y,f,f,m,a,1
p,b,t,r,f,a,y,y,f,f,m,u,1
p,b,t,r,f,s,g,l,t,e,d,u,2
p,b,t,r,f,s,g,l,t,e,g,u,1
p,b,t,r,f,s,g,n,t,e,m,a,1
p,b,t,r,f,s,g,w,t,e,d,u,1
p,b,t,r,f,s,g,w,t,e,m,a,1
p,b,t,r,f,s,n,l,t,e,g,a,1
p,b,t,r,f,s,n,l,t,e,m,u,1
p,b,t,r,f,s,n,n,t,e,d,a,1
p,b,t,r,f,s,n,n,t,e,g,u,1
p,b,t,r,f,s,n,n,t,e,m,a,1
p,b,t,r,f,s,n,n,t,e,m,u,1
p,b,t,r,f,s,n,w,t,e,d,a,2
p,b,t,r,f,s,n,w,t,e,d,u,1
p,b,t,r,f,s,n,w,t,e,g,u,2
p,b,t,r,f,s,u,l,t,e,g,a,1
p,b,t,r,f,s,u,l,t,e,m,a,1
p,b,t,r,f,s,u,n,t,e,d,a,1
p,b,t,r,f,s,u,n,t,e,g,a,1
p,b,t,r,f,s,u,n,t,e,m,u,1
p,b,t,r,f,s,u,w,t,e,d,a,1
p,b,t,r,f,s,u,w,t,e,d,u,1
p,b,t,r,f,s,u,w,t,e,g,a,1
p,b,t,r,f,s,u,w,t,e,g,u,1
p,b,t,w,f,e,w,w,t,e,d,a,83
p,b,t,w,f,e,w,w,t,e,d,u,73
p,b,t,w,f,e,w,w,t,l,d,a,95
p,b,t,w,f,e,w,w,t,l,d,u,102
p,b,t,y,f,a,r,r,f,f,d,a,2
p,b,t,y,f,a,r,r,f,f,d,u,1
p,b,t,y,f,a,r,r,f,f,m,a,1
p,b,t,y,f,a,r,y,f,f,d,u,1
p,b,t,y,f,a,r,y,f,f,g,u,1
p,b,t,y,f,a,r,y,f,f,m,u,1
p,b,t,y,f,a,y,r,f,f,d,a,1
p,b,t,y,f,a,y,r,f,f,d,u,2
p,b,t,y,f,a,y,r,f,f,m,a,1
p,b,t,y,f,a,y,y,f,f,d,u,2
p,b,t,y,f,a,y,y,f,f,g,u,1
p,b,t,y,f,a,y,y,f,f,m,a,2
p,b,t,y,f,a,y,y,f,f,m,u,1
p,b,w,p,f,a,r,r,f,f,d,a,1
p,b,w,p,f,a,r,r,f,f,d,u,2
p,b,w,p,f,a,r,r,f,f,g,u,1
p,b,w,p,f,a,r,r,f,f,m,a,1
p,b,w,p,f,a,r,r,f,f,m,u,1
p,b,w,p,f,a,r,y,f,f,g,a,1
p,b,w,p,f,a,r,y,f,f,g,u,1
p,b,w,p,f,a,r,y,f,f,m,u,1
p,b,w,p,f,a,y,r,f,f,d,a,1
p,b,w,p,f,a,y,r,f,f,d,u,1
p,b,w,p,f,a,y,y,f,f,g,a,1
p,b,w,p,f,a,y,y,f,f,g,u,1
p,b,w,p,f,a,y,y,f,f,m,a,2
p,b,w,r,f,a,r,r,f,f,d,u,1
p,b,w,r,f,a,r,r,f,f,g,u,2
p,b,w,r,f,a,r,r,f,f,m,a,1
p,b,w,r,f,a,r,r,f,f,m,u,1
p,b,w,r,f,a,r,y,f,f,d,u,1
p,b,w,r,f,a,r,y,f,f,g,a,1
p,b,w,r,f,a,r,y,f,f,m,a,1
p,b,w,r,f,a,y,r,f,f,d,a,1
p,b,w,r,f,a,y,r,f,f,d,u,2
p,b,w,r,f,a,y,r,f,f,g,u,3
p,b,w,r,f,a,y,r,f,f,m,a,2
p,b,w,r,f,a,y,y,f,f,d,a,3
p,b,w,r,f,a,y,y,f,f,d,u,1
p,b,w,r,f,a,y,y,f,f,g,a,2
p,b,w,r,f,a,y,y,f,f,m,a,2
p,b,w,r,f,a,y,y,f,f,m,u,1
p,b,w,u,f,a,g,u,f,f,d,a,11
p,b,w,u,f,a,g,u,f,f,d,u,16
p,b,w,u,f,a,g,u,f,f,l,a,17
p,b,w,u,f,a,g,u,f,f,l,u,16
p,b,w,u,f,a,u,u,f,f,d,a,13
p,b,w,u,f,a,u,u,f,f,d,u,17
p,b,w,u,f,a,u,u,f,f,l,a,16
p,b,w,u,f,a,u,u,f,f,l,u,16
p,b,w,y,f,a,r,r,f,f,d,u,1
p,b,w,y,f,a,r,r,f,f,m,a,2
p,b,w,y,f,a,r,y,f,f,d,a,2
p,b,w,y,f,a,r,y,f,f,d,u,1
p,b,w,y,f,a,r,y,f,f,g,a,1
p,b,w,y,f,a,r,y,f,f,g,u,1
p,b,w,y,f,a,r,y,f,f,m,a,1
p,b,w,y,f,a,y,r,f,f,d,u,3
p,b,w,y,f,a,y,r,f,f,g,u,1
p,b,w,y,f,a,y,r,f,f,m,u,1
p,b,w,y,f,a,y,y,f,f,g,a,1
p,b,w,y,f,a,y,y,f,f,g,u,1
p,b,w,y,f,a,y,y,f,f,m,u,2
p,b,y,e,f,e,n,w,t,e,d,a,2
p,b,y,e,f,e,n,w,t,e,d,u,3
p,b,y,e,f,e,n,w,t,e,m,a,4
p,b,y,e,f,e,n,w,t,e,m,u,6
p,b,y,e,f,e,w,w,t,e,d,a,6
p,b,y,e,f,e,w,w,t,e,d,u,7
p,b,y,e,f,e,w,w,t,e,m,a,5
p,b,y,e,f,e,w,w,t,e,m,u,9
p,b,y,l,f,s,g,l,t,e,d,a,1
p,b,y,l,f,s,g,n,t,e,d,u,1
p,b,y,l,f,s,g,n,t,e,g,u,1
p,b,y,l,f,s,g,w,t,e,d,a,1
p,b,y,l,f,s,g,w,t,e,g,a,1
p,b,y,l,f,s,n,l,t,e,d,a,1
p,b,y,l,f,s,n,l,t,e,g,a,1
p,b,y,l,f,s,n,l,t,e,m,a,1
p,b,y,l,f,s,n,n,t,e,d,u,1
p,b,y,l,f,s,n,n,t,e,g,a,1
p,b,y,l,f,s,n,w,t,e,d,a,1
p,b,y,l,f,s,n,w,t,e,m,a,1
p,b,y,l,f,s,u,l,t,e,g,u,2
p,b,y,l,f,s,u,l,t,e,m,u,3
p,b,y,l,f,s,u,w,t,e,d,a,3
p,b,y,l,f,s,u,w,t,e,g,a,1
p,b,y,l,f,s,u,w,t,e,m,a,1
p,b,y,n,f,e,n,w,t,e,d,a,1
p,b,y,n,f,e,n,w,t,e,d,u,7
p,b,y,n,f,e,n,w,t,e,m,a,2
p,b,y,n,f,e,n,w,t,e,m,u,2
p,b,y,n,f,e,w,w,t,e,d,a,5
p,b,y,n,f,e,w,w,t,e,d,u,6
p,b,y,n,f,e,w,w,t,e,m,a,6
p,b,y,n,f,e,w,w,t,e,m,u,6
p,b,y,p,f,e,n,w,t,e,d,a,5
p,b,y,p,f,e,n,w,t,e,d,u,8
p,b,y,p,f,e,n,w,t,e,m,a,6
p,b,y,p,f,e,n,w,t,e,m,u,7
p,b,y,p,f,e,w,w,t,e,d,a,4
p,b,y,p,f,e,w,w,t,e,d,u,7
p,b,y,p,f,e,w,w,t,e,m,a,10
p,b,y,p,f,e,w,w,t,e,m,u,6
p,b,y,r,f,s,g,l,t,e,g,u,1
p,b,y,r,f,s,g,l,t,e,m,a,2
p,b,y,r,f,s,g,l,t,e,m,u,1
p,b,y,r,f,s,g,n,t,e,g,u,1
p,b,y,r,f,s,g,n,t,e,m,a,3
p,b,y,r,f,s,g,w,t,e,d,a,1
p,b,y,r,f,s,g,w,t,e,g,u,1
p,b,y,r,f,s,g,w,t,e,m,u,2
p,b,y,r,f,s,n,l,t,e,d,a,1
p,b,y,r,f,s,n,l,t,e,g,u,1
p,b,y,r,f,s,n,l,t,e,m,a,2
p,b,y,r,f,s,n,n,t,e,m,u,2
p,b,y,r,f,s,n,w,t,e,d,u,1
p,b,y,r,f,s,n,w,t,e,g,u,3
p,b,y,r,f,s,u,l,t,e,d,a,1
p,b,y,r,f,s,u,l,t,e,g,u,1
p,b,y,r,f,s,u,n,t,e,g,a,1
p,b,y,r,f,s,u,w,t,e,d,u,2
p,b,y,r,f,s,u,w,t,e,g,a,1
p,b,y,r,f,s,u,w,t,e,g,u,1
p,b,y,r,f,s,u,w,t,e,m,a,1
p,b,y,w,f,e,n,w,t,e,d,a,3
p,b,y,w,f,e,n,w,t,e,d,u,3
p,b,y,w,f,e,n,w,t,e,m,a,3
p,b,y,w,f,e,n,w,t,e,m,u,4
p,b,y,w,f,e,w,w,t,e,d,a,5
p,b,y,w,f,e,w,w,t,e,d,u,5
p,b,y,w,f,e,w,w,t,e,m,a,3
p,b,y,w,f,e,w,w,t,e,m,u,7
p,c,e,w,t,x,p,w,f,f,d,a,3
p,c,e,w,t,x,p,w,f,f,d,s,8
p,c,e,w,t,x,p,w,f,f,d,u,7
p,c,e,w,t,x,p,w,f,f,g,a,2
p,c,e,w,t,x,p,w,f,f,g,s,5
p,c,e,w,t,x,p,w,f,f,g,u,5
p,c,e,w,t,x,r,w,f,f,d,a,6
p,c,e,w,t,x,r,w,f,f,d,s,6
p,c,e,w,t,x,r,w,f,f,d,u,2
p,c,e,w,t,x,r,w,f,f,g,a,4
p,c,e,w,t,x,r,w,f,f,g,s,5
p,c,e,w,t,x,r,w,f,f,g,u,3
p,c,e,w,t,x,y,w,f,f,d,a,4
p,c,e,w,t,x,y,w,f,f,d,s,4
p,c,e,w,t,x,y,w,f,f,d,u,6
p,c,e,w,t,x,y,w,f,f,g,a,2
p,c,e,w,t,x,y,w,f,f,g,s,4
p,c,e,w,t,x,y,w,f,f,g,u,6
p,c,e,y,t,x,p,w,f,f,d,a,5
p,c,e,y,t,x,p,w,f,f,d,s,1
p,c,e,y,t,x,p,w,f,f,d,u,6
p,c,e,y,t,x,p,w,f,f,g,a,6
p,c,e,y,t,x,p,w,f,f,g,s,6
p,c,e,y,t,x,p,w,f,f,g,u,6
p,c,e,y,t,x,r,w,f,f,d,a,4
p,c,e,y,t,x,r,w,f,f,d,s,5
p,c,e,y,t,x,r,w,f,f,d,u,6
p,c,e,y,t,x,r,w,f,f,g,a,6
p,c,e,y,t,x,r,w,f,f,g,s,5
p,c,e,y,t,x,r,w,f,f,g,u,4
p,c,e,y,t,x,y,w,f,f,d,a,4
p,c,e,y,t,x,y,w,f,f,d,s,2
p,c,e,y,t,x,y,w,f,f,d,u,6
p,c,e,y,t,x,y,w,f,f,g,a,7
p,c,e,y,t,x,y,w,f,f,g,s,7
p,c,e,y,t,x,y,w,f,f,g,u,6
p,c,k,w,t,x,p,w,f,f,d,a,5
p,c,k,w,t,x,p,w,f,f,d,s,6
p,c,k,w,t,x,p,w,f,f,d,u,7
p,c,k,w,t,x,p,w,f,f,g,a,6
p,c,k,w,t,x,p,w,f,f,g,s,5
p,c,k,w,t,x,p,w,f,f,g,u,8
p,c,k,w,t,x,r,w,f,f,d,s,4
p,c,k,w,t,x,r,w,f,f,d,u,9
p,c,k,w,t,x,r,w,f,f,g,a,10
p,c,k,w,t,x,r,w,f,f,g,s,4
p,c,k,w,t,x,r,w,f,f,g,u,2
p,c,k,w,t,x,y,w,f,f,d,a,2
p,c,k,w,t,x,y,w,f,f,d,s,3
p,c,k,w,t,x,y,w,f,f,d,u,5
p,c,k,w,t,x,y,w,f,f,g,a,5
p,c,k,w,t,x,y,w,f,f,g,s,2
p,c,k,w,t,x,y,w,f,f,g,u,5
p,c,k,y,t,x,p,w,f,f,d,a,3
p,c,k,y,t,x,p,w,f,f,d,s,3
p,c,k,y,t,x,p,w,f,f,d,u,6
p,c,k,y,t,x,p,w,f,f,g,a,9
p,c,k,y,t,x,p,w,f,f,g,s,7
p,c,k,y,t,x,p,w,f,f,g,u,7
p,c,k,y,t,x,r,w,f,f,d,a,2
p,c,k,y,t,x,r,w,f,f,d,s,6
p,c,k,y,t,x,r,w,f,f,d,u,4
p,c,k,y,t,x,r,w,f,f,g,a,6
p,c,k,y,t,x,r,w,f,f,g,s,9
p,c,k,y,t,x,r,w,f,f,g,u,6
p,c,k,y,t,x,y,w,f,f,d,a,5
p,c,k,y,t,x,y,w,f,f,d,s,4
p,c,k,y,t,x,y,w,f,f,d,u,6
p,c,k,y,t,x,y,w,f,f,g,a,2
p,c,k,y,t,x,y,w,f,f,g,s,5
p,c,k,y,t,x,y,w,f,f,g,u,1
p,f,d,b,f,x,w,n,f,f,d,a,23
p,f,d,b,f,x,w,n,f,f,d,u,21
p,f,d,b,f,x,w,n,f,f,l,a,31
p,f,d,b,f,x,w,n,f,f,l,u,21
p,f,d,b,f,x,y,n,f,f,d,a,17
p,f,d,b,f,x,y,n,f,f,d,u,10
p,f,d,b,f,x,y,n,f,f,l,a,27
p,f,d,b,f,x,y,n,f,f,l,u,16
p,f,d,e,f,p,y,n,f,f,d,a,4
p,f,d,e,f,p,y,n,f,f,d,w,11
p,f,d,e,t,d,w,e,f,f,d,a,11
p,f,d,e,t,d,w,e,f,f,d,u,16
p,f,d,e,t,d,w,n,f,f,d,a,8
p,f,d,e,t,d,w,n,f,f,d,u,7
p,f,d,e,t,d,y,e,f,f,d,a,14
p,f,d,e,t,d,y,e,f,f,d,u,10
p,f,d,e,t,d,y,n,f,f,d,a,9
p,f,d,e,t,d,y,n,f,f,d,u,7
p,f,d,k,f,p,y,n,f,f,d,a,10
p,f,d,k,f,p,y,n,f,f,d,w,11
p,f,d,n,f,d,y,k,f,f,d,a,22
p,f,d,n,f,d,y,k,f,f,d,u,14
p,f,d,n,f,d,y,n,f,f,d,a,9
p,f,d,n,f,d,y,n,f,f,d,u,13
p,f,d,n,f,p,y,n,f,f,d,a,8
p,f,d,n,f,p,y,n,f,f,d,w,6
p,f,d,n,f,x,w,n,f,f,d,a,21
p,f,d,n,f,x,w,n,f,f,d,u,29
p,f,d,n,f,x,w,n,f,f,l,a,24
p,f,d,n,f,x,w,n,f,f,l,u,21
p,f,d,n,f,x,y,n,f,f,d,a,24
p,f,d,n,f,x,y,n,f,f,d,u,23
p,f,d,n,f,x,y,n,f,f,l,a,19
p,f,d,n,f,x,y,n,f,f,l,u,26
p,f,d,n,t,d,w,e,f,f,d,a,20
p,f,d,n,t,d,w,e,f,f,d,u,6
p,f,d,n,t,d,w,n,f,f,d,a,6
p,f,d,n,t,d,w,n,f,f,d,u,9
p,f,d,n,t,d,y,e,f,f,d,a,10
p,f,d,n,t,d,y,e,f,f,d,u,18
p,f,d,n,t,d,y,n,f,f,d,a,10
p,f,d,n,t,d,y,n,f,f,d,u,6
p,f,d,o,f,p,y,n,f,f,d,a,3
p,f,d,o,f,p,y,n,f,f,d,w,7
p,f,d,p,f,a,r,r,f,f,d,u,1
p,f,d,p,f,a,r,r,f,f,g,u,2
p,f,d,p,f,a,r,y,f,f,d,a,1
p,f,d,p,f,a,r,y,f,f,g,a,1
p,f,d,p,f,a,r,y,f,f,g,u,1
p,f,d,p,f,a,r,y,f,f,m,u,1
p,f,d,p,f,a,y,r,f,f,d,a,2
p,f,d,p,f,a,y,r,f,f,g,a,1
p,f,d,p,f,a,y,r,f,f,g,u,2
p,f,d,p,f,a,y,r,f,f,m,a,2
p,f,d,p,f,a,y,r,f,f,m,u,2
p,f,d,p,f,a,y,y,f,f,d,a,1
p,f,d,p,f,a,y,y,f,f,d,u,2
p,f,d,p,f,a,y,y,f,f,m,a,1
p,f,d,p,f,a,y,y,f,f,m,u,1
p,f,d,r,f,a,r,r,f,f,d,a,3
p,f,d,r,f,a,r,r,f,f,d,u,2
p,f,d,r,f,a,r,r,f,f,m,a,2
p,f,d,r,f,a,r,y,f,f,d,u,1
p,f,d,r,f,a,r,y,f,f,g,u,1
p,f,d,r,f,a,r,y,f,f,m,a,2
p,f,d,r,f,a,y,r,f,f,d,u,1
p,f,d,r,f,a,y,r,f,f,g,a,1
p,f,d,r,f,a,y,r,f,f,g,u,1
p,f,d,r,f,a,y,y,f,f,g,a,1
p,f,d,r,f,a,y,y,f,f,g,u,1
p,f,d,y,f,a,r,r,f,f,d,u,1
p,f,d,y,f,a,r,r,f,f,g,a,3
p,f,d,y,f,a,r,r,f,f,g,u,2
p,f,d,y,f,a,r,r,f,f,m,a,1
p,f,d,y,f,a,r,r,f,f,m,u,1
p,f,d,y,f,a,r,y,f,f,d,a,4
p,f,d,y,f,a,r,y,f,f,d,u,1
p,f,d,y,f,a,r,y,f,f,g,a,1
p,f,d,y,f,a,r,y,f,f,m,a,1
p,f,d,y,f,a,y,r,f,f,g,a,1
p,f,d,y,f,a,y,r,f,f,g,u,2
p,f,d,y,f,a,y,r,f,f,m,a,1
p,f,d,y,f,a,y,r,f,f,m,u,1
p,f,d,y,f,a,y,y,f,f,d,a,1
p,f,d,y,f,a,y,y,f,f,d,u,1
p,f,d,y,f,a,y,y,f,f,g,a,1
p,f,d,y,f,a,y,y,f,f,g,u,1
p,f,g,e,f,e,w,w,t,g,d,a,2
p,f,g,e,f,e,w,w,t,g,d,u,7
p,f,g,e,f,e,w,w,t,g,d,w,8
p,f,g,e,f,e,w,w,t,p,d,a,5
p,f,g,e,f,e,w,w,t,p,d,u,9
p,f,g,e,f,e,w,w,t,p,d,w,5
p,f,g,e,f,p,y,n,f,f,d,a,4
p,f,g,e,f,p,y,n,f,f,d,w,3
p,f,g,k,f,p,y,n,f,f,d,a,6
p,f,g,k,f,p,y,n,f,f,d,w,7
p,f,g,n,f,p,y,n,f,f,d,a,4
p,f,g,n,f,p,y,n,f,f,d,w,5
p,f,g,o,f,e,w,w,t,g,d,a,8
p,f,g,o,f,e,w,w,t,g,d,u,11
p,f,g,o,f,e,w,w,t,g,d,w,9
p,f,g,o,f,e,w,w,t,p,d,a,5
p,f,g,o,f,e,w,w,t,p,d,u,8
p,f,g,o,f,e,w,w,t,p,d,w,11
p,f,g,o,f,p,y,n,f,f,d,a,6
p,f,g,o,f,p,y,n,f,f,d,w,8
p,f,h,e,f,e,w,w,t,g,d,a,3
p,f,h,e,f,e,w,w,t,g,d,u,7
p,f,h,e,f,e,w,w,t,g,d,w,5
p,f,h,e,f,e,w,w,t,p,d,a,10
p,f,h,e,f,e,w,w,t,p,d,u,11
p,f,h,e,f,e,w,w,t,p,d,w,11
p,f,h,e,f,x,w,n,f,f,d,a,11
p,f,h,e,f,x,w,n,f,f,d,u,14
p,f,h,e,f,x,w,w,f,f,d,a,33
p,f,h,e,f,x,w,w,f,f,d,u,40
p,f,h,n,f,x,w,n,f,f,d,a,18
p,f,h,n,f,x,w,n,f,f,d,u,11
p,f,h,o,f,e,w,w,t,g,d,a,8
p,f,h,o,f,e,w,w,t,g,d,u,7
p,f,h,o,f,e,w,w,t,g,d,w,10
p,f,h,o,f,e,w,w,t,p,d,a,7
p,f,h,o,f,e,w,w,t,p,d,u,5
p,f,h,o,f,e,w,w,t,p,d,w,7
p,f,i,k,f,a,p,w,f,f,g,a,18
p,f,i,k,f,a,p,w,f,f,g,u,22
p,f,i,k,f,a,w,w,f,f,g,a,22
p,f,i,k,f,a,w,w,f,f,g,u,18
p,f,i,l,f,a,p,w,f,f,g,a,27
p,f,i,l,f,a,p,w,f,f,g,u,13
p,f,i,l,f,a,w,w,f,f,g,a,20
p,f,i,l,f,a,w,w,f,f,g,u,25
p,f,k,n,f,d,y,k,f,f,d,a,11
p,f,k,n,f,d,y,k,f,f,d,u,16
p,f,k,n,f,d,y,n,f,f,d,a,15
p,f,k,n,f,d,y,n,f,f,d,u,21
p,f,k,n,f,p,n,n,t,f,d,u,91
p,f,k,n,f,s,p,n,f,f,g,a,40
p,f,k,n,f,s,p,n,f,f,g,u,40
p,f,k,w,f,s,p,n,f,f,g,a,52
p,f,k,w,f,s,p,n,f,f,g,u,40
p,f,k,w,t,d,n,w,f,f,d,a,24
p,f,k,w,t,d,n,w,f,f,d,u,22
p,f,k,w,t,d,n,w,f,f,d,w,22
p,f,k,w,t,d,w,w,f,f,d,a,16
p,f,k,w,t,d,w,w,f,f,d,u,17
p,f,k,w,t,d,w,w,f,f,d,w,14
p,f,k,y,f,p,n,n,t,f,d,u,99
p,f,l,e,f,x,e,n,f,f,d,a,5
p,f,l,e,f,x,e,n,f,f,d,u,2
p,f,l,e,f,x,e,n,f,f,l,a,6
p,f,l,e,f,x,e,n,f,f,l,u,8
p,f,l,e,f,x,e,y,f,f,d,a,2
p,f,l,e,f,x,e,y,f,f,d,u,5
p,f,l,e,f,x,e,y,f,f,l,a,3
p,f,l,e,f,x,e,y,f,f,l,u,8
p,f,l,e,f,x,n,n,f,f,d,a,3
p,f,l,e,f,x,n,n,f,f,d,u,4
p,f,l,e,f,x,n,n,f,f,l,a,2
p,f,l,e,f,x,n,n,f,f,l,u,5
p,f,l,e,f,x,n,y,f,f,d,a,4
p,f,l,e,f,x,n,y,f,f,d,u,11
p,f,l,e,f,x,n,y,f,f,l,a,4
p,f,l,e,f,x,n,y,f,f,l,u,3
p,f,l,e,f,x,y,n,f,f,d,a,6
p,f,l,e,f,x,y,n,f,f,d,u,7
p,f,l,e,f,x,y,n,f,f,l,a,2
p,f,l,e,f,x,y,n,f,f,l,u,1
p,f,l,e,f,x,y,y,f,f,d,a,8
p,f,l,e,f,x,y,y,f,f,d,u,1
p,f,l,e,f,x,y,y,f,f,l,a,4
p,f,l,e,f,x,y,y,f,f,l,u,4
p,f,l,n,f,x,e,n,f,f,d,a,7
p,f,l,n,f,x,e,n,f,f,d,u,9
p,f,l,n,f,x,e,n,f,f,l,a,5
p,f,l,n,f,x,e,n,f,f,l,u,3
p,f,l,n,f,x,e,y,f,f,d,a,5
p,f,l,n,f,x,e,y,f,f,d,u,3
p,f,l,n,f,x,e,y,f,f,l,a,6
p,f,l,n,f,x,e,y,f,f,l,u,6
p,f,l,n,f,x,n,n,f,f,d,a,3
p,f,l,n,f,x,n,n,f,f,d,u,5
p,f,l,n,f,x,n,n,f,f,l,a,3
p,f,l,n,f,x,n,n,f,f,l,u,7
p,f,l,n,f,x,n,y,f,f,d,a,4
p,f,l,n,f,x,n,y,f,f,d,u,6
p,f,l,n,f,x,n,y,f,f,l,a,5
p,f,l,n,f,x,n,y,f,f,l,u,5
p,f,l,n,f,x,y,n,f,f,d,a,7
p,f,l,n,f,x,y,n,f,f,d,u,5
p,f,l,n,f,x,y,n,f,f,l,a,6
p,f,l,n,f,x,y,n,f,f,l,u,5
p,f,l,n,f,x,y,y,f,f,d,a,6
p,f,l,n,f,x,y,y,f,f,d,u,6
p,f,l,n,f,x,y,y,f,f,l,a,6
p,f,l,n,f,x,y,y,f,f,l,u,4
p,f,l,y,f,x,e,n,f,f,d,a,2
p,f,l,y,f,x,e,n,f,f,d,u,6
p,f,l,y,f,x,e,n,f,f,l,a,5
p,f,l,y,f,x,e,n,f,f,l,u,5
p,f,l,y,f,x,e,y,f,f,d,a,9
p,f,l,y,f,x,e,y,f,f,d,u,4
p,f,l,y,f,x,e,y,f,f,l,a,4
p,f,l,y,f,x,e,y,f,f,l,u,6
p,f,l,y,f,x,n,n,f,f,d,a,2
p,f,l,y,f,x,n,n,f,f,d,u,7
p,f,l,y,f,x,n,n,f,f,l,a,7
p,f,l,y,f,x,n,n,f,f,l,u,8
p,f,l,y,f,x,n,y,f,f,d,a,4
p,f,l,y,f,x,n,y,f,f,d,u,7
p,f,l,y,f,x,n,y,f,f,l,a,2
p,f,l,y,f,x,n,y,f,f,l,u,5
p,f,l,y,f,x,y,n,f,f,d,a,4
p,f,l,y,f,x,y,n,f,f,d,u,2
p,f,l,y,f,x,y,n,f,f,l,a,9
p,f,l,y,f,x,y,n,f,f,l,u,4
p,f,l,y,f,x,y,y,f,f,d,a,6
p,f,l,y,f,x,y,y,f,f,d,u,2
p,f,l,y,f,x,y,y,f,f,l,a,3
p,f,l,y,f,x,y,y,f,f,l,u,5
p,f,s,e,f,p,y,n,f,f,d,a,5
p,f,s,e,f,p,y,n,f,f,d,w,10
p,f,s,g,f,d,w,w,f,f,g,a,25
p,f,s,g,f,d,w,w,f,f,g,u,33
p,f,s,k,f,p,y,n,f,f,d,a,7
p,f,s,k,f,p,y,n,f,f,d,w,5
p,f,s,n,f,d,y,k,f,f,d,a,14
p,f,s,n,f,d,y,k,f,f,d,u,11
p,f,s,n,f,d,y,n,f,f,d,a,9
p,f,s,n,f,d,y,n,f,f,d,u,9
p,f,s,n,f,p,y,n,f,f,d,a,10
p,f,s,n,f,p,y,n,f,f,d,w,9
p,f,s,o,f,a,o,o,f,f,h,a,5
p,f,s,o,f,a,o,o,f,f,m,a,5
p,f,s,o,f,a,o,y,f,f,h,a,7
p,f,s,o,f,a,o,y,f,f,m,a,7
p,f,s,o,f,a,y,o,f,f,h,a,4
p,f,s,o,f,a,y,o,f,f,m,a,3
p,f,s,o,f,a,y,y,f,f,h,a,9
p,f,s,o,f,a,y,y,f,f,m,a,8
p,f,s,o,f,d,o,o,f,f,h,a,2
p,f,s,o,f,d,o,o,f,f,m,a,9
p,f,s,o,f,d,o,y,f,f,h,a,4
p,f,s,o,f,d,o,y,f,f,m,a,4
p,f,s,o,f,d,y,o,f,f,h,a,8
p,f,s,o,f,d,y,o,f,f,m,a,6
p,f,s,o,f,d,y,y,f,f,h,a,3
p,f,s,o,f,d,y,y,f,f,m,a,5
p,f,s,o,f,p,y,n,f,f,d,a,11
p,f,s,o,f,p,y,n,f,f,d,w,8
p,f,s,w,f,d,w,w,f,f,g,a,25
p,f,s,w,f,d,w,w,f,f,g,u,34
p,f,s,y,f,f,f,y,f,f,d,a,60
p,f,s,y,f,f,f,y,f,f,d,u,60
p,f,t,e,f,x,w,n,f,f,d,a,17
p,f,t,e,f,x,w,n,f,f,d,u,15
p,f,t,e,f,x,w,w,f,f,d,a,48
p,f,t,e,f,x,w,w,f,f,d,u,48
p,f,t,g,t,d,b,g,f,f,d,u,1
p,f,t,g,t,d,b,g,f,f,l,a,1
p,f,t,g,t,d,b,n,f,f,d,u,2
p,f,t,g,t,d,b,n,f,f,g,a,1
p,f,t,g,t,d,b,n,f,f,g,u,2
p,f,t,g,t,d,b,r,f,f,d,a,1
p,f,t,g,t,d,b,r,f,f,l,a,1
p,f,t,g,t,d,n,g,f,f,g,a,2
p,f,t,g,t,d,n,g,f,f,l,u,1
p,f,t,g,t,d,n,n,f,f,g,a,1
p,f,t,g,t,d,n,n,f,f,l,a,1
p,f,t,g,t,d,n,r,f,f,g,a,1
p,f,t,g,t,d,n,r,f,f,l,a,3
p,f,t,g,t,d,w,g,f,f,l,a,2
p,f,t,g,t,d,w,n,f,f,l,a,2
p,f,t,g,t,d,w,r,f,f,d,a,1
p,f,t,g,t,d,w,r,f,f,d,u,1
p,f,t,g,t,d,w,r,f,f,g,a,1
p,f,t,g,t,d,w,r,f,f,l,a,1
p,f,t,g,t,d,w,r,f,f,l,u,1
p,f,t,k,t,d,b,g,f,f,d,a,1
p,f,t,k,t,d,b,g,f,f,d,u,1
p,f,t,k,t,d,b,g,f,f,g,a,1
p,f,t,k,t,d,b,g,f,f,l,u,1
p,f,t,k,t,d,b,n,f,f,d,u,1
p,f,t,k,t,d,b,n,f,f,g,u,1
p,f,t,k,t,d,b,r,f,f,d,u,1
p,f,t,k,t,d,b,r,f,f,g,a,1
p,f,t,k,t,d,n,g,f,f,d,a,3
p,f,t,k,t,d,n,g,f,f,l,a,1
p,f,t,k,t,d,n,n,f,f,d,u,2
p,f,t,k,t,d,n,r,f,f,d,a,2
p,f,t,k,t,d,n,r,f,f,g,a,1
p,f,t,k,t,d,n,r,f,f,g,u,1
p,f,t,k,t,d,n,r,f,f,l,a,1
p,f,t,k,t,d,n,r,f,f,l,u,1
p,f,t,k,t,d,w,g,f,f,g,u,1
p,f,t,k,t,d,w,g,f,f,l,a,1
p,f,t,k,t,d,w,g,f,f,l,u,1
p,f,t,k,t,d,w,n,f,f,d,a,1
p,f,t,k,t,d,w,n,f,f,g,a,1
p,f,t,k,t,d,w,r,f,f,d,u,2
p,f,t,k,t,d,w,r,f,f,g,a,1
p,f,t,n,f,x,p,g,f,f,d,a,13
p,f,t,n,f,x,p,g,f,f,d,u,16
p,f,t,n,f,x,p,g,f,f,g,a,14
p,f,t,n,f,x,p,g,f,f,g,u,13
p,f,t,n,f,x,p,g,f,f,m,a,13
p,f,t,n,f,x,p,g,f,f,m,u,13
p,f,t,n,f,x,p,n,f,f,d,a,18
p,f,t,n,f,x,p,n,f,f,d,u,21
p,f,t,n,f,x,p,n,f,f,g,a,17
p,f,t,n,f,x,p,n,f,f,g,u,16
p,f,t,n,f,x,p,n,f,f,m,a,11
p,f,t,n,f,x,p,n,f,f,m,u,10
p,f,t,n,f,x,w,n,f,f,d,a,15
p,f,t,n,f,x,w,n,f,f,d,u,12
p,f,t,n,f,x,y,y,f,f,d,a,47
p,f,t,n,t,d,b,g,f,f,l,a,1
p,f,t,n,t,d,b,n,f,f,g,a,3
p,f,t,n,t,d,b,r,f,f,l,u,1
p,f,t,n,t,d,n,g,f,f,g,u,1
p,f,t,n,t,d,n,g,f,f,l,u,2
p,f,t,n,t,d,n,n,f,f,d,a,17
p,f,t,n,t,d,n,n,f,f,d,u,27
p,f,t,n,t,d,n,n,f,f,g,u,1
p,f,t,n,t,d,n,n,f,f,h,a,9
p,f,t,n,t,d,n,n,f,f,h,u,19
p,f,t,n,t,d,n,n,f,f,l,u,1
p,f,t,n,t,d,n,r,f,f,d,u,1
p,f,t,n,t,d,n,r,f,f,g,u,1
p,f,t,n,t,d,n,r,f,f,l,a,1
p,f,t,n,t,d,w,g,f,f,d,a,2
p,f,t,n,t,d,w,g,f,f,d,u,1
p,f,t,n,t,d,w,g,f,f,l,u,1
p,f,t,n,t,d,w,n,f,f,d,u,1
p,f,t,n,t,d,w,n,f,f,g,a,1
p,f,t,n,t,d,w,r,f,f,d,u,1
p,f,t,p,f,a,r,r,f,f,m,a,1
p,f,t,p,f,a,r,r,f,f,m,u,4
p,f,t,p,f,a,r,y,f,f,d,a,1
p,f,t,p,f,a,r,y,f,f,d,u,3
p,f,t,p,f,a,r,y,f,f,g,a,1
p,f,t,p,f,a,r,y,f,f,m,a,1
p,f,t,p,f,a,y,r,f,f,d,a,1
p,f,t,p,f,a,y,r,f,f,d,u,5
p,f,t,p,f,a,y,r,f,f,g,a,1
p,f,t,p,f,a,y,r,f,f,m,u,1
p,f,t,p,f,a,y,y,f,f,d,u,2
p,f,t,p,f,a,y,y,f,f,g,a,1
p,f,t,p,f,a,y,y,f,f,m,a,1
p,f,t,p,f,a,y,y,f,f,m,u,1
p,f,t,r,f,a,r,r,f,f,d,a,3
p,f,t,r,f,a,r,r,f,f,m,a,1
p,f,t,r,f,a,r,y,f,f,d,a,2
p,f,t,r,f,a,r,y,f,f,g,a,2
p,f,t,r,f,a,r,y,f,f,g,u,1
p,f,t,r,f,a,r,y,f,f,m,a,1
p,f,t,r,f,a,y,r,f,f,d,a,1
p,f,t,r,f,a,y,r,f,f,d,u,1
p,f,t,r,f,a,y,r,f,f,g,a,1
p,f,t,r,f,a,y,r,f,f,g,u,1
p,f,t,r,f,a,y,r,f,f,m,a,2
p,f,t,r,f,a,y,y,f,f,d,u,1
p,f,t,r,f,a,y,y,f,f,g,a,3
p,f,t,r,f,a,y,y,f,f,g,u,2
p,f,t,r,f,a,y,y,f,f,m,a,1
p,f,t,r,f,a,y,y,f,f,m,u,1
p,f,t,r,t,d,b,g,f,f,d,a,2
p,f,t,r,t,d,b,g,f,f,d,u,1
p,f,t,r,t,d,b,g,f,f,g,u,1
p,f,t,r,t,d,b,g,f,f,l,u,1
p,f,t,r,t,d,b,n,f,f,d,a,2
p,f,t,r,t,d,b,n,f,f,l,a,1
p,f,t,r,t,d,b,n,f,f,l,u,2
p,f,t,r,t,d,b,r,f,f,d,u,1
p,f,t,r,t,d,b,r,f,f,l,u,2
p,f,t,r,t,d,n,g,f,f,g,a,1
p,f,t,r,t,d,n,g,f,f,g,u,1
p,f,t,r,t,d,n,n,f,f,d,a,20
p,f,t,r,t,d,n,n,f,f,d,u,15
p,f,t,r,t,d,n,n,f,f,h,a,17
p,f,t,r,t,d,n,n,f,f,h,u,14
p,f,t,r,t,d,n,n,f,f,l,a,2
p,f,t,r,t,d,n,r,f,f,d,a,2
p,f,t,r,t,d,n,r,f,f,g,u,1
p,f,t,r,t,d,w,r,f,f,g,u,1
p,f,t,r,t,d,w,r,f,f,l,u,2
p,f,t,y,f,a,r,r,f,f,d,u,1
p,f,t,y,f,a,r,r,f,f,m,a,1
p,f,t,y,f,a,r,y,f,f,d,a,1
p,f,t,y,f,a,r,y,f,f,d,u,1
p,f,t,y,f,a,r,y,f,f,g,a,2
p,f,t,y,f,a,r,y,f,f,m,u,2
p,f,t,y,f,a,y,r,f,f,d,a,1
p,f,t,y,f,a,y,r,f,f,d,u,3
p,f,t,y,f,a,y,r,f,f,g,u,2
p,f,t,y,f,a,y,r,f,f,m,u,2
p,f,t,y,f,a,y,y,f,f,d,a,1
p,f,t,y,f,a,y,y,f,f,d,u,1
p,f,t,y,f,a,y,y,f,f,g,a,1
p,f,t,y,f,a,y,y,f,f,m,a,1
p,f,t,y,f,a,y,y,f,f,m,u,1
p,f,t,y,f,x,y,y,f,f,d,a,71
p,f,w,e,f,x,w,n,f,f,d,a,10
p,f,w,e,f,x,w,n,f,f,d,u,18
p,f,w,n,f,x,w,n,f,f,d,a,14
p,f,w,n,f,x,w,n,f,f,d,u,16
p,f,w,n,t,d,n,n,f,f,d,a,20
p,f,w,n,t,d,n,n,f,f,d,u,24
p,f,w,n,t,d,y,n,f,f,d,a,20
p,f,w,n,t,d,y,n,f,f,d,u,25
p,f,w,o,t,d,n,n,f,f,d,a,16
p,f,w,o,t,d,n,n,f,f,d,u,20
p,f,w,o,t,d,y,n,f,f,d,a,28
p,f,w,o,t,d,y,n,f,f,d,u,27
p,f,w,p,f,a,r,r,f,f,d,a,1
p,f,w,p,f,a,r,r,f,f,d,u,1
p,f,w,p,f,a,r,y,f,f,d,a,3
p,f,w,p,f,a,r,y,f,f,g,u,2
p,f,w,p,f,a,r,y,f,f,m,u,1
p,f,w,p,f,a,y,r,f,f,d,a,1
p,f,w,p,f,a,y,r,f,f,d,u,1
p,f,w,p,f,a,y,r,f,f,g,a,3
p,f,w,p,f,a,y,r,f,f,g,u,1
p,f,w,p,f,a,y,r,f,f,m,u,2
p,f,w,p,f,a,y,y,f,f,g,a,2
p,f,w,p,f,a,y,y,f,f,g,u,1
p,f,w,p,f,s,p,p,f,f,d,a,89
p,f,w,p,f,s,p,p,f,f,d,w,93
p,f,w,r,f,a,r,r,f,f,d,u,2
p,f,w,r,f,a,r,r,f,f,m,u,1
p,f,w,r,f,a,r,y,f,f,m,u,1
p,f,w,r,f,a,y,r,f,f,d,a,1
p,f,w,r,f,a,y,r,f,f,g,u,1
p,f,w,r,f,a,y,r,f,f,m,a,2
p,f,w,r,f,a,y,r,f,f,m,u,2
p,f,w,r,f,a,y,y,f,f,g,a,2
p,f,w,r,f,a,y,y,f,f,m,a,1
p,f,w,r,f,a,y,y,f,f,m,u,1
p,f,w,u,f,a,g,u,f,f,d,a,11
p,f,w,u,f,a,g,u,f,f,d,u,11
p,f,w,u,f,a,g,u,f,f,l,a,15
p,f,w,u,f,a,g,u,f,f,l,u,11
p,f,w,u,f,a,u,u,f,f,d,a,9
p,f,w,u,f,a,u,u,f,f,d,u,12
p,f,w,u,f,a,u,u,f,f,l,a,18
p,f,w,u,f,a,u,u,f,f,l,u,17
p,f,w,y,f,a,r,r,f,f,d,u,1
p,f,w,y,f,a,r,r,f,f,g,a,2
p,f,w,y,f,a,r,r,f,f,m,a,1
p,f,w,y,f,a,r,y,f,f,g,u,2
p,f,w,y,f,a,r,y,f,f,m,u,4
p,f,w,y,f,a,y,r,f,f,d,a,1
p,f,w,y,f,a,y,r,f,f,d,u,1
p,f,w,y,f,a,y,r,f,f,g,a,1
p,f,w,y,f,a,y,r,f,f,m,u,2
p,f,w,y,f,a,y,y,f,f,g,a,1
p,f,w,y,f,a,y,y,f,f,g,u,1
p,f,w,y,f,a,y,y,f,f,m,a,1
p,f,y,e,f,e,n,w,t,e,d,a,6
p,f,y,e,f,e,n,w,t,e,d,u,9
p,f,y,e,f,e,n,w,t,e,m,a,10
p,f,y,e,f,e,n,w,t,e,m,u,6
p,f,y,e,f,e,w,w,t,e,d,a,3
p,f,y,e,f,e,w,w,t,e,d,u,7
p,f,y,e,f,e,w,w,t,e,m,a,4
p,f,y,e,f,e,w,w,t,e,m,u,7
p,f,y,e,f,s,y,e,f,f,d,a,35
p,f,y,e,f,s,y,u,f,f,d,a,41
p,f,y,e,f,s,y,y,f,f,d,a,38
p,f,y,n,f,e,n,w,t,e,d,a,2
p,f,y,n,f,e,n,w,t,e,d,u,3
p,f,y,n,f,e,n,w,t,e,m,a,4
p,f,y,n,f,e,n,w,t,e,m,u,4
p,f,y,n,f,e,w,w,t,e,d,a,7
p,f,y,n,f,e,w,w,t,e,d,u,7
p,f,y,n,f,e,w,w,t,e,m,a,8
p,f,y,n,f,e,w,w,t,e,m,u,5
p,f,y,o,f,a,o,o,f,f,h,a,5
p,f,y,o,f,a,o,o,f,f,m,a,1
p,f,y,o,f,a,o,y,f,f,h,a,5
p,f,y,o,f,a,o,y,f,f,m,a,5
p,f,y,o,f,a,y,o,f,f,h,a,5
p,f,y,o,f,a,y,o,f,f,m,a,5
p,f,y,o,f,a,y,y,f,f,h,a,5
p,f,y,o,f,a,y,y,f,f,m,a,5
p,f,y,o,f,d,o,o,f,f,h,a,5
p,f,y,o,f,d,o,o,f,f,m,a,4
p,f,y,o,f,d,o,y,f,f,h,a,3
p,f,y,o,f,d,o,y,f,f,m,a,2
p,f,y,o,f,d,y,o,f,f,h,a,5
p,f,y,o,f,d,y,o,f,f,m,a,5
p,f,y,o,f,d,y,y,f,f,h,a,11
p,f,y,o,f,d,y,y,f,f,m,a,6
p,f,y,p,f,e,n,w,t,e,d,a,3
p,f,y,p,f,e,n,w,t,e,d,u,4
p,f,y,p,f,e,n,w,t,e,m,a,8
p,f,y,p,f,e,n,w,t,e,m,u,5
p,f,y,p,f,e,w,w,t,e,d,a,7
p,f,y,p,f,e,w,w,t,e,d,u,12
p,f,y,p,f,e,w,w,t,e,m,a,5
p,f,y,p,f,e,w,w,t,e,m,u,7
p,f,y,u,f,s,y,e,f,f,d,a,30
p,f,y,u,f,s,y,u,f,f,d,a,43
p,f,y,u,f,s,y,y,f,f,d,a,38
p,f,y,w,f,e,n,w,t,e,d,a,7
p,f,y,w,f,e,n,w,t,e,d,u,6
p,f,y,w,f,e,n,w,t,e,m,a,5
p,f,y,w,f,e,n,w,t,e,m,u,4
p,f,y,w,f,e,w,w,t,e,d,a,6
p,f,y,w,f,e,w,w,t,e,d,u,8
p,f,y,w,f,e,w,w,t,e,m,a,6
p,f,y,w,f,e,w,w,t,e,m,u,5
p,f,y,y,f,s,y,e,f,f,d,a,43
p,f,y,y,f,s,y,u,f,f,d,a,36
p,f,y,y,f,s,y,y,f,f,d,a,49
p,o,l,g,f,f,f,f,f,f,d,a,81
p,o,l,g,f,f,f,f,f,f,d,s,86
p,o,l,g,f,f,f,f,f,f,d,u,93
p,o,l,g,f,f,f,f,f,f,d,w,93
p,o,s,g,f,f,f,f,t,f,d,a,21
p,o,s,g,f,f,f,f,t,f,d,s,21
p,o,s,g,f,f,f,f,t,f,d,u,23
p,o,s,g,f,f,f,f,t,f,d,w,19
p,o,s,n,f,f,f,f,t,f,d,a,10
p,o,s,n,f,f,f,f,t,f,d,s,16
p,o,s,n,f,f,f,f,t,f,d,u,14
p,o,s,n,f,f,f,f,t,f,d,w,20
p,o,s,o,f,f,f,f,t,f,d,a,17
p,o,s,o,f,f,f,f,t,f,d,s,24
p,o,s,o,f,f,f,f,t,f,d,u,17
p,o,s,o,f,f,f,f,t,f,d,w,21
p,o,s,r,f,f,f,f,t,f,d,a,14
p,o,s,r,f,f,f,f,t,f,d,s,14
p,o,s,r,f,f,f,f,t,f,d,u,19
p,o,s,r,f,f,f,f,t,f,d,w,17
p,o,s,y,f,f,f,f,t,f,d,a,12
p,o,s,y,f,f,f,f,t,f,d,s,22
p,o,s,y,f,f,f,f,t,f,d,u,15
p,o,s,y,f,f,f,f,t,f,d,w,17
p,p,g,n,f,e,w,w,t,p,d,a,81
p,p,g,n,f,e,w,w,t,p,d,u,85
p,p,t,n,f,a,g,y,t,e,m,a,64
p,p,t,n,f,a,g,y,t,e,m,s,48
p,p,t,n,f,a,g,y,t,e,m,u,57
p,p,t,n,f,a,n,y,t,e,m,a,67
p,p,t,n,f,a,n,y,t,e,m,s,56
p,p,t,n,f,a,n,y,t,e,m,u,61
p,s,d,e,t,d,n,e,f,f,d,a,22
p,s,d,e,t,d,n,n,f,f,d,a,20
p,s,d,e,t,d,w,e,f,f,d,a,27
p,s,d,e,t,d,w,e,f,f,d,u,16
p,s,d,e,t,d,w,n,f,f,d,a,32
p,s,d,e,t,d,w,n,f,f,d,u,6
p,s,d,e,t,d,y,e,f,f,d,a,19
p,s,d,e,t,d,y,e,f,f,d,u,9
p,s,d,e,t,d,y,n,f,f,d,a,16
p,s,d,e,t,d,y,n,f,f,d,u,15
p,s,d,n,f,d,y,k,f,f,d,a,15
p,s,d,n,f,d,y,k,f,f,d,u,13
p,s,d,n,f,d,y,n,f,f,d,a,16
p,s,d,n,f,d,y,n,f,f,d,u,20
p,s,d,n,t,d,n,e,f,f,d,a,13
p,s,d,n,t,d,n,n,f,f,d,a,29
p,s,d,n,t,d,w,e,f,f,d,a,33
p,s,d,n,t,d,w,e,f,f,d,u,8
p,s,d,n,t,d,w,n,f,f,d,a,40
p,s,d,n,t,d,w,n,f,f,d,u,10
p,s,d,n,t,d,y,e,f,f,d,a,11
p,s,d,n,t,d,y,e,f,f,d,u,7
p,s,d,n,t,d,y,n,f,f,d,a,9
p,s,d,n,t,d,y,n,f,f,d,u,16
p,s,d,o,f,d,o,o,f,f,d,a,10
p,s,d,o,f,d,o,o,f,f,d,u,16
p,s,d,o,f,d,o,o,f,f,h,a,10
p,s,d,o,f,d,o,o,f,f,h,u,6
p,s,d,o,f,d,o,y,f,f,d,a,19
p,s,d,o,f,d,o,y,f,f,d,u,12
p,s,d,o,f,d,o,y,f,f,h,a,8
p,s,d,o,f,d,o,y,f,f,h,u,14
p,s,d,o,f,d,y,o,f,f,d,a,7
p,s,d,o,f,d,y,o,f,f,d,u,12
p,s,d,o,f,d,y,o,f,f,h,a,13
p,s,d,o,f,d,y,o,f,f,h,u,12
p,s,d,o,f,d,y,y,f,f,d,a,13
p,s,d,o,f,d,y,y,f,f,d,u,6
p,s,d,o,f,d,y,y,f,f,h,a,13
p,s,d,o,f,d,y,y,f,f,h,u,12
p,s,d,w,f,a,p,w,f,f,g,a,23
p,s,d,w,f,a,p,w,f,f,g,u,21
p,s,d,w,f,a,w,w,f,f,g,a,19
p,s,d,w,f,a,w,w,f,f,g,u,31
p,s,d,w,f,d,p,w,f,f,g,a,25
p,s,d,w,f,d,p,w,f,f,g,u,19
p,s,d,w,f,d,w,w,f,f,g,a,23
p,s,d,w,f,d,w,w,f,f,g,u,35
p,s,d,y,f,d,o,o,f,f,d,a,7
p,s,d,y,f,d,o,o,f,f,d,u,15
p,s,d,y,f,d,o,o,f,f,h,a,13
p,s,d,y,f,d,o,o,f,f,h,u,10
p,s,d,y,f,d,o,y,f,f,d,a,8
p,s,d,y,f,d,o,y,f,f,d,u,8
p,s,d,y,f,d,o,y,f,f,h,a,7
p,s,d,y,f,d,o,y,f,f,h,u,14
p,s,d,y,f,d,y,o,f,f,d,a,11
p,s,d,y,f,d,y,o,f,f,d,u,11
p,s,d,y,f,d,y,o,f,f,h,a,14
p,s,d,y,f,d,y,o,f,f,h,u,15
p,s,d,y,f,d,y,y,f,f,d,a,13
p,s,d,y,f,d,y,y,f,f,d,u,7
p,s,d,y,f,d,y,y,f,f,h,a,5
p,s,d,y,f,d,y,y,f,f,h,u,12
p,s,h,g,t,d,g,g,f,f,d,a,8
p,s,h,g,t,d,g,g,f,f,d,u,5
p,s,h,g,t,d,g,n,f,f,d,a,4
p,s,h,g,t,d,g,n,f,f,d,u,4
p,s,h,g,t,d,g,r,f,f,d,a,4
p,s,h,g,t,d,g,r,f,f,d,u,5
p,s,h,g,t,d,w,g,f,f,d,a,8
p,s,h,g,t,d,w,g,f,f,d,u,4
p,s,h,g,t,d,w,n,f,f,d,a,6
p,s,h,g,t,d,w,n,f,f,d,u,8
p,s,h,g,t,d,w,r,f,f,d,a,4
p,s,h,g,t,d,w,r,f,f,d,u,7
p,s,h,n,t,d,g,g,f,f,d,a,5
p,s,h,n,t,d,g,g,f,f,d,u,2
p,s,h,n,t,d,g,n,f,f,d,a,5
p,s,h,n,t,d,g,n,f,f,d,u,7
p,s,h,n,t,d,g,r,f,f,d,a,1
p,s,h,n,t,d,g,r,f,f,d,u,5
p,s,h,n,t,d,w,g,f,f,d,a,8
p,s,h,n,t,d,w,g,f,f,d,u,3
p,s,h,n,t,d,w,n,f,f,d,a,1
p,s,h,n,t,d,w,n,f,f,d,u,3
p,s,h,n,t,d,w,r,f,f,d,a,3
p,s,h,n,t,d,w,r,f,f,d,u,2
p,s,h,r,t,d,g,g,f,f,d,a,3
p,s,h,r,t,d,g,g,f,f,d,u,5
p,s,h,r,t,d,g,n,f,f,d,a,4
p,s,h,r,t,d,g,n,f,f,d,u,9
p,s,h,r,t,d,g,r,f,f,d,a,4
p,s,h,r,t,d,g,r,f,f,d,u,2
p,s,h,r,t,d,w,g,f,f,d,a,10
p,s,h,r,t,d,w,g,f,f,d,u,4
p,s,h,r,t,d,w,n,f,f,d,a,4
p,s,h,r,t,d,w,n,f,f,d,u,7
p,s,h,r,t,d,w,r,f,f,d,a,3
p,s,h,r,t,d,w,r,f,f,d,u,5
p,s,k,n,f,d,y,k,f,f,d,a,14
p,s,k,n,f,d,y,k,f,f,d,u,16
p,s,k,n,f,d,y,n,f,f,d,a,18
p,s,k,n,f,d,y,n,f,f,d,u,12
p,s,k,n,f,p,n,n,t,f,d,u,85
p,s,k,w,t,d,n,w,f,f,d,a,23
p,s,k,w,t,d,n,w,f,f,d,u,12
p,s,k,w,t,d,n,w,f,f,d,w,24
p,s,k,w,t,d,w,w,f,f,d,a,18
p,s,k,w,t,d,w,w,f,f,d,u,12
p,s,k,w,t,d,w,w,f,f,d,w,22
p,s,k,y,f,p,n,n,t,f,d,u,78
p,s,s,g,f,d,w,w,f,f,g,a,25
p,s,s,g,f,d,w,w,f,f,g,u,29
p,s,s,n,f,d,y,k,f,f,d,a,14
p,s,s,n,f,d,y,k,f,f,d,u,14
p,s,s,n,f,d,y,n,f,f,d,a,15
p,s,s,n,f,d,y,n,f,f,d,u,22
p,s,s,w,f,d,w,w,f,f,g,a,36
p,s,s,w,f,d,w,w,f,f,g,u,29
p,s,s,y,f,f,f,y,f,f,d,a,49
p,s,s,y,f,f,f,y,f,f,d,u,65
p,s,t,g,t,d,b,g,f,f,l,a,1
p,s,t,g,t,d,b,n,f,f,d,a,1
p,s,t,g,t,d,b,n,f,f,g,a,1
p,s,t,g,t,d,b,r,f,f,d,a,1
p,s,t,g,t,d,b,r,f,f,d,u,1
p,s,t,g,t,d,b,r,f,f,g,u,3
p,s,t,g,t,d,g,g,f,f,d,a,8
p,s,t,g,t,d,g,n,f,f,d,a,3
p,s,t,g,t,d,g,n,f,f,d,u,4
p,s,t,g,t,d,g,r,f,f,d,a,3
p,s,t,g,t,d,g,r,f,f,d,u,6
p,s,t,g,t,d,n,g,f,f,l,u,1
p,s,t,g,t,d,n,n,f,f,d,a,2
p,s,t,g,t,d,n,n,f,f,d,u,2
p,s,t,g,t,d,n,n,f,f,g,a,1
p,s,t,g,t,d,n,n,f,f,l,u,1
p,s,t,g,t,d,n,r,f,f,l,a,2
p,s,t,g,t,d,n,r,f,f,l,u,1
p,s,t,g,t,d,w,g,f,f,d,a,10
p,s,t,g,t,d,w,g,f,f,d,u,8
p,s,t,g,t,d,w,g,f,f,l,a,2
p,s,t,g,t,d,w,n,f,f,d,a,3
p,s,t,g,t,d,w,n,f,f,d,u,6
p,s,t,g,t,d,w,n,f,f,g,a,1
p,s,t,g,t,d,w,n,f,f,g,u,2
p,s,t,g,t,d,w,n,f,f,l,a,1
p,s,t,g,t,d,w,r,f,f,d,a,2
p,s,t,g,t,d,w,r,f,f,d,u,8
p,s,t,g,t,d,w,r,f,f,g,u,1
p,s,t,k,t,d,b,g,f,f,d,u,3
p,s,t,k,t,d,b,g,f,f,g,a,3
p,s,t,k,t,d,b,g,f,f,g,u,1
p,s,t,k,t,d,b,g,f,f,l,a,1
p,s,t,k,t,d,b,n,f,f,d,u,1
p,s,t,k,t,d,b,n,f,f,g,u,1
p,s,t,k,t,d,b,r,f,f,d,a,1
p,s,t,k,t,d,b,r,f,f,d,u,1
p,s,t,k,t,d,b,r,f,f,g,a,1
p,s,t,k,t,d,b,r,f,f,l,a,2
p,s,t,k,t,d,b,r,f,f,l,u,1
p,s,t,k,t,d,n,g,f,f,d,a,2
p,s,t,k,t,d,n,g,f,f,d,u,1
p,s,t,k,t,d,n,g,f,f,l,u,1
p,s,t,k,t,d,n,n,f,f,d,a,1
p,s,t,k,t,d,n,n,f,f,d,u,3
p,s,t,k,t,d,n,n,f,f,g,u,1
p,s,t,k,t,d,n,n,f,f,l,a,1
p,s,t,k,t,d,n,n,f,f,l,u,1
p,s,t,k,t,d,n,r,f,f,d,a,1
p,s,t,k,t,d,n,r,f,f,d,u,2
p,s,t,k,t,d,n,r,f,f,g,a,1
p,s,t,k,t,d,n,r,f,f,g,u,1
p,s,t,k,t,d,n,r,f,f,l,a,2
p,s,t,k,t,d,n,r,f,f,l,u,1
p,s,t,k,t,d,w,g,f,f,d,a,1
p,s,t,k,t,d,w,g,f,f,g,u,1
p,s,t,k,t,d,w,g,f,f,l,u,1
p,s,t,k,t,d,w,n,f,f,d,u,2
p,s,t,k,t,d,w,n,f,f,g,a,1
p,s,t,k,t,d,w,n,f,f,l,a,1
p,s,t,k,t,d,w,r,f,f,g,a,3
p,s,t,k,t,d,w,r,f,f,l,a,2
p,s,t,k,t,d,w,r,f,f,l,u,1
p,s,t,n,f,x,y,y,f,f,d,a,62
p,s,t,n,t,d,b,g,f,f,d,a,2
p,s,t,n,t,d,b,n,f,f,l,a,1
p,s,t,n,t,d,b,r,f,f,g,u,1
p,s,t,n,t,d,b,r,f,f,l,a,2
p,s,t,n,t,d,g,g,f,f,d,a,6
p,s,t,n,t,d,g,g,f,f,d,u,3
p,s,t,n,t,d,g,n,f,f,d,a,4
p,s,t,n,t,d,g,n,f,f,d,u,3
p,s,t,n,t,d,g,r,f,f,d,a,3
p,s,t,n,t,d,g,r,f,f,d,u,6
p,s,t,n,t,d,n,g,f,f,d,a,1
p,s,t,n,t,d,n,g,f,f,l,u,1
p,s,t,n,t,d,n,n,f,f,d,a,9
p,s,t,n,t,d,n,n,f,f,d,u,19
p,s,t,n,t,d,n,n,f,f,h,a,12
p,s,t,n,t,d,n,n,f,f,h,u,22
p,s,t,n,t,d,n,n,f,f,l,a,2
p,s,t,n,t,d,n,n,f,f,l,u,2
p,s,t,n,t,d,n,r,f,f,d,a,1
p,s,t,n,t,d,n,r,f,f,d,u,1
p,s,t,n,t,d,n,r,f,f,g,u,1
p,s,t,n,t,d,w,g,f,f,d,a,1
p,s,t,n,t,d,w,g,f,f,d,u,8
p,s,t,n,t,d,w,g,f,f,g,a,1
p,s,t,n,t,d,w,g,f,f,g,u,1
p,s,t,n,t,d,w,n,f,f,d,a,6
p,s,t,n,t,d,w,n,f,f,d,u,4
p,s,t,n,t,d,w,n,f,f,g,u,1
p,s,t,n,t,d,w,r,f,f,d,a,3
p,s,t,n,t,d,w,r,f,f,d,u,7
p,s,t,n,t,d,w,r,f,f,g,a,3
p,s,t,n,t,d,w,r,f,f,l,u,1
p,s,t,p,t,d,p,p,t,f,d,a,166
p,s,t,p,t,d,p,p,t,f,d,u,187
p,s,t,r,t,d,b,g,f,f,d,u,1
p,s,t,r,t,d,b,g,f,f,g,u,1
p,s,t,r,t,d,b,g,f,f,l,a,1
p,s,t,r,t,d,b,g,f,f,l,u,2
p,s,t,r,t,d,b,n,f,f,g,a,1
p,s,t,r,t,d,b,n,f,f,l,a,1
p,s,t,r,t,d,b,n,f,f,l,u,1
p,s,t,r,t,d,b,r,f,f,d,a,1
p,s,t,r,t,d,b,r,f,f,l,a,2
p,s,t,r,t,d,g,g,f,f,d,a,6
p,s,t,r,t,d,g,g,f,f,d,u,5
p,s,t,r,t,d,g,n,f,f,d,a,4
p,s,t,r,t,d,g,n,f,f,d,u,8
p,s,t,r,t,d,g,r,f,f,d,a,8
p,s,t,r,t,d,g,r,f,f,d,u,7
p,s,t,r,t,d,n,g,f,f,g,a,1
p,s,t,r,t,d,n,g,f,f,g,u,1
p,s,t,r,t,d,n,g,f,f,l,a,1
p,s,t,r,t,d,n,n,f,f,d,a,10
p,s,t,r,t,d,n,n,f,f,d,u,18
p,s,t,r,t,d,n,n,f,f,g,a,1
p,s,t,r,t,d,n,n,f,f,g,u,1
p,s,t,r,t,d,n,n,f,f,h,a,10
p,s,t,r,t,d,n,n,f,f,h,u,12
p,s,t,r,t,d,n,n,f,f,l,u,1
p,s,t,r,t,d,n,r,f,f,g,a,1
p,s,t,r,t,d,n,r,f,f,l,a,1
p,s,t,r,t,d,n,r,f,f,l,u,1
p,s,t,r,t,d,w,g,f,f,d,a,11
p,s,t,r,t,d,w,g,f,f,d,u,7
p,s,t,r,t,d,w,g,f,f,g,a,2
p,s,t,r,t,d,w,n,f,f,d,a,5
p,s,t,r,t,d,w,n,f,f,d,u,5
p,s,t,r,t,d,w,n,f,f,l,u,1
p,s,t,r,t,d,w,r,f,f,d,a,8
p,s,t,r,t,d,w,r,f,f,d,u,3
p,s,t,r,t,d,w,r,f,f,g,u,1
p,s,t,y,f,x,y,y,f,f,d,a,64
p,s,w,n,t,d,n,n,f,f,d,a,26
p,s,w,n,t,d,n,n,f,f,d,u,25
p,s,w,n,t,d,y,n,f,f,d,a,18
p,s,w,n,t,d,y,n,f,f,d,u,15
p,s,w,o,t,d,n,n,f,f,d,a,24
p,s,w,o,t,d,n,n,f,f,d,u,17
p,s,w,o,t,d,y,n,f,f,d,a,22
p,s,w,o,t,d,y,n,f,f,d,u,26
p,s,w,u,f,a,g,u,f,f,d,a,10
p,s,w,u,f,a,g,u,f,f,d,u,13
p,s,w,u,f,a,g,u,f,f,l,a,18
p,s,w,u,f,a,g,u,f,f,l,u,18
p,s,w,u,f,a,u,u,f,f,d,a,15
p,s,w,u,f,a,u,u,f,f,d,u,22
p,s,w,u,f,a,u,u,f,f,l,a,16
p,s,w,u,f,a,u,u,f,f,l,u,15
p,x,d,e,f,p,y,n,f,f,d,a,10
p,x,d,e,f,p,y,n,f,f,d,w,9
p,x,d,e,t,d,n,e,f,f,d,a,20
p,x,d,e,t,d,n,n,f,f,d,a,33
p,x,d,e,t,d,w,e,f,f,d,a,19
p,x,d,e,t,d,w,n,f,f,d,a,18
p,x,d,k,f,p,y,n,f,f,d,a,5
p,x,d,k,f,p,y,n,f,f,d,w,8
p,x,d,n,f,p,y,n,f,f,d,a,6
p,x,d,n,f,p,y,n,f,f,d,w,6
p,x,d,n,t,d,n,e,f,f,d,a,21
p,x,d,n,t,d,n,n,f,f,d,a,22
p,x,d,n,t,d,w,e,f,f,d,a,22
p,x,d,n,t,d,w,n,f,f,d,a,26
p,x,d,o,f,a,o,o,t,r,d,a,2
p,x,d,o,f,a,o,o,t,r,d,u,2
p,x,d,o,f,a,o,o,t,r,d,w,2
p,x,d,o,f,a,o,y,t,r,d,a,5
p,x,d,o,f,a,o,y,t,r,d,u,2
p,x,d,o,f,a,o,y,t,r,d,w,2
p,x,d,o,f,a,y,o,t,r,d,a,2
p,x,d,o,f,a,y,o,t,r,d,u,2
p,x,d,o,f,a,y,o,t,r,d,w,5
p,x,d,o,f,a,y,y,t,r,d,a,3
p,x,d,o,f,a,y,y,t,r,d,u,7
p,x,d,o,f,a,y,y,t,r,d,w,2
p,x,d,o,f,p,y,n,f,f,d,a,6
p,x,d,o,f,p,y,n,f,f,d,w,16
p,x,d,w,f,a,p,w,f,f,g,a,22
p,x,d,w,f,a,p,w,f,f,g,u,23
p,x,d,w,f,a,w,w,f,f,g,a,17
p,x,d,w,f,a,w,w,f,f,g,u,21
p,x,d,w,f,d,p,w,f,f,g,a,16
p,x,d,w,f,d,p,w,f,f,g,u,20
p,x,d,w,f,d,w,w,f,f,g,a,20
p,x,d,w,f,d,w,w,f,f,g,u,18
p,x,d,y,f,a,o,o,t,r,d,a,4
p,x,d,y,f,a,o,o,t,r,d,u,7
p,x,d,y,f,a,o,o,t,r,d,w,3
p,x,d,y,f,a,o,y,t,r,d,a,6
p,x,d,y,f,a,o,y,t,r,d,u,5
p,x,d,y,f,a,o,y,t,r,d,w,4
p,x,d,y,f,a,y,o,t,r,d,a,2
p,x,d,y,f,a,y,o,t,r,d,u,5
p,x,d,y,f,a,y,o,t,r,d,w,2
p,x,d,y,f,a,y,y,t,r,d,u,4
p,x,d,y,f,a,y,y,t,r,d,w,1
p,x,e,e,f,a,g,e,t,z,d,a,24
p,x,e,e,f,a,g,n,t,z,d,a,20
p,x,e,e,f,a,g,y,t,z,d,a,30
p,x,e,e,f,a,n,e,t,z,d,a,42
p,x,e,e,f,a,n,n,t,z,d,a,26
p,x,e,e,f,a,n,y,t,z,d,a,41
p,x,e,e,f,a,w,e,t,z,d,a,26
p,x,e,e,f,a,w,n,t,z,d,a,33
p,x,e,e,f,a,w,y,t,z,d,a,27
p,x,e,e,f,a,y,e,t,z,d,a,38
p,x,e,e,f,a,y,n,t,z,d,a,22
p,x,e,e,f,a,y,y,t,z,d,a,24
p,x,e,n,f,a,n,n,f,f,d,a,88
p,x,e,n,f,a,n,n,f,f,h,a,94
p,x,e,n,t,p,e,e,f,f,d,a,23
p,x,e,n,t,p,e,e,f,f,d,u,20
p,x,e,n,t,p,e,u,f,f,d,a,28
p,x,e,n,t,p,e,u,f,f,d,u,19
p,x,e,n,t,p,e,y,f,f,d,a,13
p,x,e,n,t,p,e,y,f,f,d,u,7
p,x,e,n,t,p,o,e,f,f,d,a,15
p,x,e,n,t,p,o,e,f,f,d,u,20
p,x,e,n,t,p,o,u,f,f,d,a,18
p,x,e,n,t,p,o,u,f,f,d,u,24
p,x,e,n,t,p,o,y,f,f,d,a,13
p,x,e,n,t,p,o,y,f,f,d,u,16
p,x,e,n,t,p,y,y,f,f,d,a,13
p,x,e,n,t,p,y,y,f,f,d,u,14
p,x,e,o,f,a,o,o,t,r,d,a,6
p,x,e,o,f,a,o,o,t,r,d,u,7
p,x,e,o,f,a,o,o,t,r,d,w,4
p,x,e,o,f,a,o,y,t,r,d,a,5
p,x,e,o,f,a,o,y,t,r,d,u,2
p,x,e,o,f,a,o,y,t,r,d,w,1
p,x,e,o,f,a,y,o,t,r,d,a,3
p,x,e,o,f,a,y,o,t,r,d,u,3
p,x,e,o,f,a,y,o,t,r,d,w,5
p,x,e,o,f,a,y,y,t,r,d,a,5
p,x,e,o,f,a,y,y,t,r,d,u,4
p,x,e,o,f,a,y,y,t,r,d,w,5
p,x,e,y,f,a,o,o,t,r,d,a,1
p,x,e,y,f,a,o,o,t,r,d,u,4
p,x,e,y,f,a,o,o,t,r,d,w,6
p,x,e,y,f,a,o,y,t,r,d,a,4
p,x,e,y,f,a,o,y,t,r,d,u,6
p,x,e,y,f,a,o,y,t,r,d,w,8
p,x,e,y,f,a,y,o,t,r,d,a,2
p,x,e,y,f,a,y,o,t,r,d,u,2
p,x,e,y,f,a,y,o,t,r,d,w,3
p,x,e,y,f,a,y,y,t,r,d,a,4
p,x,e,y,f,a,y,y,t,r,d,u,4
p,x,e,y,f,a,y,y,t,r,d,w,3
p,x,e,y,t,p,e,e,f,f,d,a,30
p,x,e,y,t,p,e,e,f,f,d,u,27
p,x,e,y,t,p,e,u,f,f,d,a,19
p,x,e,y,t,p,e,u,f,f,d,u,21
p,x,e,y,t,p,o,e,f,f,d,a,21
p,x,e,y,t,p,o,e,f,f,d,u,29
p,x,e,y,t,p,o,u,f,f,d,a,19
p,x,e,y,t,p,o,u,f,f,d,u,20
p,x,g,e,f,a,n,k,f,f,d,a,15
p,x,g,e,f,a,n,k,f,f,d,s,13
p,x,g,e,f,a,n,k,f,f,d,u,15
p,x,g,e,f,a,n,k,f,f,d,w,17
p,x,g,e,f,a,p,k,f,f,d,a,22
p,x,g,e,f,a,p,k,f,f,d,s,18
p,x,g,e,f,a,p,k,f,f,d,u,18
p,x,g,e,f,a,p,k,f,f,d,w,11
p,x,g,e,f,a,p,n,f,f,d,a,19
p,x,g,e,f,a,p,n,f,f,d,u,19
p,x,g,e,f,a,p,w,f,f,d,a,22
p,x,g,e,f,a,p,w,f,f,d,u,29
p,x,g,e,f,a,w,n,f,f,d,a,29
p,x,g,e,f,a,w,n,f,f,d,u,25
p,x,g,e,f,a,w,w,f,f,d,a,14
p,x,g,e,f,a,w,w,f,f,d,u,26
p,x,g,e,f,e,w,w,t,g,d,a,8
p,x,g,e,f,e,w,w,t,g,d,u,12
p,x,g,e,f,e,w,w,t,g,d,w,10
p,x,g,e,f,e,w,w,t,p,d,a,6
p,x,g,e,f,e,w,w,t,p,d,u,5
p,x,g,e,f,e,w,w,t,p,d,w,4
p,x,g,e,f,p,y,n,f,f,d,a,7
p,x,g,e,f,p,y,n,f,f,d,w,10
p,x,g,k,f,p,y,n,f,f,d,a,4
p,x,g,k,f,p,y,n,f,f,d,w,8
p,x,g,n,f,a,n,k,f,f,d,a,9
p,x,g,n,f,a,n,k,f,f,d,s,12
p,x,g,n,f,a,n,k,f,f,d,u,10
p,x,g,n,f,a,n,k,f,f,d,w,10
p,x,g,n,f,a,p,k,f,f,d,a,15
p,x,g,n,f,a,p,k,f,f,d,s,13
p,x,g,n,f,a,p,k,f,f,d,u,19
p,x,g,n,f,a,p,k,f,f,d,w,15
p,x,g,n,f,a,p,n,f,f,d,a,28
p,x,g,n,f,a,p,n,f,f,d,u,16
p,x,g,n,f,a,p,w,f,f,d,a,15
p,x,g,n,f,a,p,w,f,f,d,u,23
p,x,g,n,f,a,w,n,f,f,d,a,20
p,x,g,n,f,a,w,n,f,f,d,u,24
p,x,g,n,f,a,w,w,f,f,d,a,27
p,x,g,n,f,a,w,w,f,f,d,u,17
p,x,g,n,f,d,n,n,f,f,d,a,41
p,x,g,n,f,d,n,n,f,f,d,u,39
p,x,g,n,f,d,n,n,f,f,h,a,45
p,x,g,n,f,d,n,n,f,f,h,u,47
p,x,g,n,f,e,w,w,t,p,d,a,93
p,x,g,n,f,e,w,w,t,p,d,u,94
p,x,g,n,f,p,y,n,f,f,d,a,10
p,x,g,n,f,p,y,n,f,f,d,w,6
p,x,g,o,f,e,w,w,t,g,d,a,11
p,x,g,o,f,e,w,w,t,g,d,u,6
p,x,g,o,f,e,w,w,t,g,d,w,7
p,x,g,o,f,e,w,w,t,p,d,a,5
p,x,g,o,f,e,w,w,t,p,d,u,10
p,x,g,o,f,e,w,w,t,p,d,w,11
p,x,g,o,f,p,y,n,f,f,d,a,10
p,x,g,o,f,p,y,n,f,f,d,w,8
p,x,g,p,f,a,n,k,f,f,d,a,12
p,x,g,p,f,a,n,k,f,f,d,s,10
p,x,g,p,f,a,n,k,f,f,d,u,18
p,x,g,p,f,a,n,k,f,f,d,w,15
p,x,g,p,f,a,p,k,f,f,d,a,16
p,x,g,p,f,a,p,k,f,f,d,s,14
p,x,g,p,f,a,p,k,f,f,d,u,20
p,x,g,p,f,a,p,k,f,f,d,w,16
p,x,g,w,f,a,w,e,f,f,d,a,35
p,x,g,w,f,a,w,e,f,f,d,u,58
p,x,g,w,f,a,w,e,f,f,l,a,52
p,x,g,w,f,a,w,e,f,f,l,u,50
p,x,g,w,f,a,w,n,f,f,d,a,38
p,x,g,w,f,a,w,n,f,f,d,u,36
p,x,g,w,f,a,w,n,f,f,l,a,44
p,x,g,w,f,a,w,n,f,f,l,u,40
p,x,g,y,f,d,n,n,f,f,d,a,52
p,x,g,y,f,d,n,n,f,f,d,u,37
p,x,g,y,f,d,n,n,f,f,h,a,48
p,x,g,y,f,d,n,n,f,f,h,u,44
p,x,h,e,f,e,w,w,t,g,d,a,3
p,x,h,e,f,e,w,w,t,g,d,u,5
p,x,h,e,f,e,w,w,t,g,d,w,6
p,x,h,e,f,e,w,w,t,p,d,a,10
p,x,h,e,f,e,w,w,t,p,d,u,8
p,x,h,e,f,e,w,w,t,p,d,w,7
p,x,h,e,f,x,w,n,f,f,d,a,15
p,x,h,e,f,x,w,n,f,f,d,u,18
p,x,h,e,f,x,w,w,f,f,d,a,51
p,x,h,e,f,x,w,w,f,f,d,u,39
p,x,h,g,f,s,p,n,f,f,d,a,10
p,x,h,g,f,s,p,n,f,f,d,u,9
p,x,h,g,f,s,y,n,f,f,d,a,9
p,x,h,g,f,s,y,n,f,f,d,u,13
p,x,h,l,f,s,g,l,t,e,g,a,2
p,x,h,l,f,s,g,l,t,e,g,u,1
p,x,h,l,f,s,g,n,t,e,d,a,1
p,x,h,l,f,s,g,n,t,e,g,u,2
p,x,h,l,f,s,g,n,t,e,m,a,1
p,x,h,l,f,s,g,w,t,e,d,a,1
p,x,h,l,f,s,g,w,t,e,d,u,1
p,x,h,l,f,s,g,w,t,e,g,u,1
p,x,h,l,f,s,g,w,t,e,m,u,1
p,x,h,l,f,s,n,l,t,e,d,a,1
p,x,h,l,f,s,n,l,t,e,g,u,1
p,x,h,l,f,s,n,l,t,e,m,a,1
p,x,h,l,f,s,n,l,t,e,m,u,1
p,x,h,l,f,s,n,n,t,e,d,a,1
p,x,h,l,f,s,n,n,t,e,d,u,1
p,x,h,l,f,s,n,n,t,e,m,a,3
p,x,h,l,f,s,n,w,t,e,d,a,3
p,x,h,l,f,s,n,w,t,e,d,u,2
p,x,h,l,f,s,n,w,t,e,m,a,1
p,x,h,l,f,s,u,l,t,e,d,a,1
p,x,h,l,f,s,u,l,t,e,d,u,3
p,x,h,l,f,s,u,l,t,e,g,u,2
p,x,h,l,f,s,u,l,t,e,m,u,2
p,x,h,l,f,s,u,n,t,e,g,a,3
p,x,h,l,f,s,u,n,t,e,g,u,1
p,x,h,l,f,s,u,n,t,e,m,u,2
p,x,h,l,f,s,u,w,t,e,g,u,2
p,x,h,l,f,s,u,w,t,e,m,a,1
p,x,h,n,f,a,n,n,t,z,d,a,23
p,x,h,n,f,a,n,n,t,z,d,w,26
p,x,h,n,f,a,n,o,t,z,d,a,14
p,x,h,n,f,a,n,o,t,z,d,w,31
p,x,h,n,f,s,p,n,f,f,d,a,14
p,x,h,n,f,s,p,n,f,f,d,u,9
p,x,h,n,f,s,y,n,f,f,d,a,12
p,x,h,n,f,s,y,n,f,f,d,u,8
p,x,h,n,f,x,w,n,f,f,d,a,16
p,x,h,n,f,x,w,n,f,f,d,u,11
p,x,h,n,t,p,e,y,f,f,d,a,17
p,x,h,n,t,p,e,y,f,f,d,u,24
p,x,h,n,t,p,o,y,f,f,d,a,11
p,x,h,n,t,p,o,y,f,f,d,u,17
p,x,h,n,t,p,y,y,f,f,d,a,18
p,x,h,n,t,p,y,y,f,f,d,u,12
p,x,h,o,f,a,n,n,t,z,d,a,21
p,x,h,o,f,a,n,n,t,z,d,w,29
p,x,h,o,f,a,n,o,t,z,d,a,20
p,x,h,o,f,a,n,o,t,z,d,w,21
p,x,h,o,f,a,y,o,f,f,g,a,33
p,x,h,o,f,a,y,o,f,f,g,u,25
p,x,h,o,f,e,w,w,t,g,d,a,5
p,x,h,o,f,e,w,w,t,g,d,u,10
p,x,h,o,f,e,w,w,t,g,d,w,9
p,x,h,o,f,e,w,w,t,p,d,a,5
p,x,h,o,f,e,w,w,t,p,d,u,6
p,x,h,o,f,e,w,w,t,p,d,w,5
p,x,h,r,f,s,g,l,t,e,d,u,1
p,x,h,r,f,s,g,l,t,e,g,a,2
p,x,h,r,f,s,g,l,t,e,g,u,1
p,x,h,r,f,s,g,l,t,e,m,a,3
p,x,h,r,f,s,g,l,t,e,m,u,1
p,x,h,r,f,s,g,n,t,e,d,u,2
p,x,h,r,f,s,g,n,t,e,g,u,1
p,x,h,r,f,s,g,n,t,e,m,u,1
p,x,h,r,f,s,g,w,t,e,d,a,1
p,x,h,r,f,s,g,w,t,e,d,u,2
p,x,h,r,f,s,n,l,t,e,g,u,2
p,x,h,r,f,s,n,n,t,e,d,u,2
p,x,h,r,f,s,n,n,t,e,g,a,3
p,x,h,r,f,s,n,w,t,e,d,a,2
p,x,h,r,f,s,n,w,t,e,d,u,1
p,x,h,r,f,s,n,w,t,e,g,u,1
p,x,h,r,f,s,n,w,t,e,m,u,1
p,x,h,r,f,s,u,l,t,e,g,a,1
p,x,h,r,f,s,u,l,t,e,g,u,1
p,x,h,r,f,s,u,l,t,e,m,a,1
p,x,h,r,f,s,u,n,t,e,g,u,1
p,x,h,r,f,s,u,n,t,e,m,u,1
p,x,h,r,f,s,u,w,t,e,g,u,2
p,x,h,r,f,s,u,w,t,e,m,a,1
p,x,h,w,f,s,p,n,f,f,d,a,9
p,x,h,w,f,s,p,n,f,f,d,u,10
p,x,h,w,f,s,y,n,f,f,d,a,10
p,x,h,w,f,s,y,n,f,f,d,u,14
p,x,h,y,f,a,y,o,f,f,g,a,27
p,x,h,y,f,a,y,o,f,f,g,u,21
p,x,h,y,f,s,p,n,f,f,d,a,18
p,x,h,y,f,s,p,n,f,f,d,u,8
p,x,h,y,f,s,y,n,f,f,d,a,5
p,x,h,y,f,s,y,n,f,f,d,u,12
p,x,i,e,f,e,g,k,f,f,g,a,1
p,x,i,e,f,e,g,k,f,f,m,a,1
p,x,i,e,f,e,g,o,f,f,g,a,1
p,x,i,e,f,e,g,o,f,f,g,u,1
p,x,i,e,f,e,g,o,f,f,m,a,2
p,x,i,e,f,e,g,y,f,f,g,a,1
p,x,i,e,f,e,g,y,f,f,g,u,1
p,x,i,e,f,e,g,y,f,f,m,u,1
p,x,i,e,f,e,k,k,f,f,g,a,2
p,x,i,e,f,e,k,k,f,f,g,u,2
p,x,i,e,f,e,k,k,f,f,m,a,1
p,x,i,e,f,e,k,o,f,f,g,a,2
p,x,i,e,f,e,k,y,f,f,g,u,1
p,x,i,e,f,e,k,y,f,f,m,a,3
p,x,i,e,f,e,k,y,f,f,m,u,1
p,x,i,e,f,e,y,k,f,f,g,a,1
p,x,i,e,f,e,y,k,f,f,m,a,2
p,x,i,e,f,e,y,k,f,f,m,u,1
p,x,i,e,f,e,y,o,f,f,g,a,2
p,x,i,e,f,e,y,o,f,f,m,a,1
p,x,i,e,f,e,y,y,f,f,g,a,1
p,x,i,e,f,e,y,y,f,f,m,a,2
p,x,i,e,f,e,y,y,f,f,m,u,1
p,x,i,k,f,a,p,w,f,f,g,a,18
p,x,i,k,f,a,p,w,f,f,g,u,29
p,x,i,k,f,a,w,w,f,f,g,a,23
p,x,i,k,f,a,w,w,f,f,g,u,18
p,x,i,k,f,e,g,k,f,f,g,a,1
p,x,i,k,f,e,g,k,f,f,g,u,4
p,x,i,k,f,e,g,k,f,f,m,u,1
p,x,i,k,f,e,g,o,f,f,m,a,2
p,x,i,k,f,e,g,y,f,f,m,u,2
p,x,i,k,f,e,k,k,f,f,g,a,1
p,x,i,k,f,e,k,k,f,f,g,u,2
p,x,i,k,f,e,k,k,f,f,m,a,1
p,x,i,k,f,e,k,o,f,f,g,a,1
p,x,i,k,f,e,k,o,f,f,g,u,1
p,x,i,k,f,e,k,o,f,f,m,u,4
p,x,i,k,f,e,k,y,f,f,g,a,2
p,x,i,k,f,e,k,y,f,f,g,u,3
p,x,i,k,f,e,k,y,f,f,m,u,1
p,x,i,k,f,e,y,k,f,f,g,u,1
p,x,i,k,f,e,y,o,f,f,g,u,2
p,x,i,k,f,e,y,o,f,f,m,a,1
p,x,i,k,f,e,y,y,f,f,m,a,1
p,x,i,k,f,e,y,y,f,f,m,u,1
p,x,i,l,f,a,p,w,f,f,g,a,18
p,x,i,l,f,a,p,w,f,f,g,u,35
p,x,i,l,f,a,w,w,f,f,g,a,24
p,x,i,l,f,a,w,w,f,f,g,u,23
p,x,i,n,f,a,k,n,t,z,d,a,22
p,x,i,n,f,a,k,n,t,z,d,u,25
p,x,i,n,f,a,k,n,t,z,g,a,26
p,x,i,n,f,a,k,n,t,z,g,u,31
p,x,i,n,f,a,n,n,f,f,d,a,102
p,x,i,n,f,a,n,n,f,f,h,a,69
p,x,i,n,f,a,n,n,t,z,d,a,25
p,x,i,n,f,a,n,n,t,z,d,u,21
p,x,i,n,f,a,n,n,t,z,g,a,20
p,x,i,n,f,a,n,n,t,z,g,u,26
p,x,i,o,f,a,o,o,t,r,d,a,5
p,x,i,o,f,a,o,o,t,r,d,u,8
p,x,i,o,f,a,o,o,t,r,d,w,4
p,x,i,o,f,a,o,y,t,r,d,a,10
p,x,i,o,f,a,o,y,t,r,d,u,4
p,x,i,o,f,a,y,o,t,r,d,a,4
p,x,i,o,f,a,y,o,t,r,d,u,6
p,x,i,o,f,a,y,o,t,r,d,w,2
p,x,i,o,f,a,y,y,t,r,d,a,1
p,x,i,o,f,a,y,y,t,r,d,u,5
p,x,i,o,f,a,y,y,t,r,d,w,3
p,x,i,o,f,e,g,k,f,f,g,a,2
p,x,i,o,f,e,g,k,f,f,g,u,1
p,x,i,o,f,e,g,k,f,f,m,a,1
p,x,i,o,f,e,g,o,f,f,m,a,1
p,x,i,o,f,e,k,k,f,f,g,u,4
p,x,i,o,f,e,k,k,f,f,m,a,1
p,x,i,o,f,e,k,o,f,f,g,u,1
p,x,i,o,f,e,k,o,f,f,m,a,1
p,x,i,o,f,e,k,o,f,f,m,u,1
p,x,i,o,f,e,k,y,f,f,g,a,1
p,x,i,o,f,e,k,y,f,f,g,u,1
p,x,i,o,f,e,y,k,f,f,g,a,1
p,x,i,o,f,e,y,k,f,f,m,u,2
p,x,i,o,f,e,y,o,f,f,g,u,1
p,x,i,o,f,e,y,o,f,f,m,a,1
p,x,i,o,f,e,y,o,f,f,m,u,4
p,x,i,o,f,e,y,y,f,f,g,a,2
p,x,i,o,f,e,y,y,f,f,g,u,1
p,x,i,y,f,a,k,n,t,z,d,a,19
p,x,i,y,f,a,k,n,t,z,d,u,17
p,x,i,y,f,a,k,n,t,z,g,a,20
p,x,i,y,f,a,k,n,t,z,g,u,15
p,x,i,y,f,a,n,n,t,z,d,a,23
p,x,i,y,f,a,n,n,t,z,d,u,26
p,x,i,y,f,a,n,n,t,z,g,a,17
p,x,i,y,f,a,n,n,t,z,g,u,20
p,x,i,y,f,a,o,o,t,r,d,a,4
p,x,i,y,f,a,o,o,t,r,d,u,5
p,x,i,y,f,a,o,o,t,r,d,w,4
p,x,i,y,f,a,o,y,t,r,d,a,7
p,x,i,y,f,a,o,y,t,r,d,u,3
p,x,i,y,f,a,o,y,t,r,d,w,5
p,x,i,y,f,a,y,o,t,r,d,a,5
p,x,i,y,f,a,y,o,t,r,d,u,2
p,x,i,y,f,a,y,o,t,r,d,w,1
p,x,i,y,f,a,y,y,t,r,d,a,1
p,x,i,y,f,a,y,y,t,r,d,u,4
p,x,i,y,f,a,y,y,t,r,d,w,4
p,x,k,n,f,s,p,n,f,f,g,a,40
p,x,k,n,f,s,p,n,f,f,g,u,53
p,x,k,n,t,p,e,y,f,f,d,a,16
p,x,k,n,t,p,e,y,f,f,d,u,15
p,x,k,n,t,p,o,y,f,f,d,a,14
p,x,k,n,t,p,o,y,f,f,d,u,17
p,x,k,n,t,p,y,y,f,f,d,a,17
p,x,k,n,t,p,y,y,f,f,d,u,15
p,x,k,w,f,s,p,n,f,f,g,a,42
p,x,k,w,f,s,p,n,f,f,g,u,46
p,x,k,w,t,d,n,w,f,f,d,a,19
p,x,k,w,t,d,n,w,f,f,d,u,18
p,x,k,w,t,d,n,w,f,f,d,w,23
p,x,k,w,t,d,w,w,f,f,d,a,24
p,x,k,w,t,d,w,w,f,f,d,u,23
p,x,k,w,t,d,w,w,f,f,d,w,20
p,x,s,e,f,e,g,k,f,f,g,u,2
p,x,s,e,f,e,g,k,f,f,m,a,1
p,x,s,e,f,e,g,k,f,f,m,u,2
p,x,s,e,f,e,g,o,f,f,m,a,1
p,x,s,e,f,e,g,y,f,f,g,u,1
p,x,s,e,f,e,k,k,f,f,g,u,2
p,x,s,e,f,e,k,k,f,f,m,a,1
p,x,s,e,f,e,k,k,f,f,m,u,1
p,x,s,e,f,e,k,o,f,f,g,u,3
p,x,s,e,f,e,k,o,f,f,m,a,1
p,x,s,e,f,e,k,o,f,f,m,u,1
p,x,s,e,f,e,k,y,f,f,m,u,2
p,x,s,e,f,e,y,k,f,f,g,a,1
p,x,s,e,f,e,y,k,f,f,g,u,1
p,x,s,e,f,e,y,k,f,f,m,a,1
p,x,s,e,f,e,y,k,f,f,m,u,1
p,x,s,e,f,e,y,o,f,f,g,a,1
p,x,s,e,f,e,y,o,f,f,g,u,2
p,x,s,e,f,e,y,o,f,f,m,u,1
p,x,s,e,f,e,y,y,f,f,g,a,2
p,x,s,e,f,e,y,y,f,f,m,a,1
p,x,s,e,f,e,y,y,f,f,m,u,2
p,x,s,e,f,p,y,n,f,f,d,a,6
p,x,s,e,f,p,y,n,f,f,d,w,6
p,x,s,g,f,d,w,w,f,f,g,a,35
p,x,s,g,f,d,w,w,f,f,g,u,30
p,x,s,g,f,s,p,n,f,f,d,a,15
p,x,s,g,f,s,p,n,f,f,d,u,7
p,x,s,g,f,s,y,n,f,f,d,a,12
p,x,s,g,f,s,y,n,f,f,d,u,15
p,x,s,g,t,s,r,n,f,f,d,a,12
p,x,s,g,t,s,r,n,f,f,d,u,15
p,x,s,g,t,s,r,w,f,f,d,a,13
p,x,s,g,t,s,r,w,f,f,d,u,8
p,x,s,g,t,s,w,n,f,f,d,a,16
p,x,s,g,t,s,w,n,f,f,d,u,16
p,x,s,g,t,s,w,w,f,f,d,a,13
p,x,s,g,t,s,w,w,f,f,d,u,12
p,x,s,k,f,e,g,k,f,f,g,a,2
p,x,s,k,f,e,g,o,f,f,g,a,1
p,x,s,k,f,e,g,o,f,f,g,u,1
p,x,s,k,f,e,g,y,f,f,g,a,1
p,x,s,k,f,e,g,y,f,f,m,u,1
p,x,s,k,f,e,k,k,f,f,g,a,1
p,x,s,k,f,e,k,k,f,f,m,u,1
p,x,s,k,f,e,k,o,f,f,g,a,1
p,x,s,k,f,e,k,o,f,f,g,u,1
p,x,s,k,f,e,k,y,f,f,g,a,1
p,x,s,k,f,e,k,y,f,f,g,u,1
p,x,s,k,f,e,k,y,f,f,m,a,1
p,x,s,k,f,e,y,k,f,f,g,a,1
p,x,s,k,f,e,y,k,f,f,g,u,1
p,x,s,k,f,e,y,k,f,f,m,a,4
p,x,s,k,f,e,y,k,f,f,m,u,1
p,x,s,k,f,e,y,o,f,f,g,a,1
p,x,s,k,f,e,y,o,f,f,g,u,2
p,x,s,k,f,e,y,o,f,f,m,u,2
p,x,s,k,f,e,y,y,f,f,m,u,1
p,x,s,k,f,p,y,n,f,f,d,a,3
p,x,s,k,f,p,y,n,f,f,d,w,8
p,x,s,n,f,p,y,n,f,f,d,a,9
p,x,s,n,f,p,y,n,f,f,d,w,5
p,x,s,n,f,s,g,n,f,f,d,a,59
p,x,s,n,f,s,g,n,f,f,d,w,47
p,x,s,n,f,s,n,n,f,f,d,a,44
p,x,s,n,f,s,n,n,f,f,d,w,39
p,x,s,n,f,s,p,n,f,f,d,a,12
p,x,s,n,f,s,p,n,f,f,d,u,16
p,x,s,n,f,s,y,n,f,f,d,a,10
p,x,s,n,f,s,y,n,f,f,d,u,12
p,x,s,n,t,p,e,y,f,f,d,a,12
p,x,s,n,t,p,e,y,f,f,d,u,19
p,x,s,n,t,p,o,y,f,f,d,a,12
p,x,s,n,t,p,o,y,f,f,d,u,13
p,x,s,n,t,p,y,y,f,f,d,a,15
p,x,s,n,t,p,y,y,f,f,d,u,13
p,x,s,n,t,s,r,n,f,f,d,a,13
p,x,s,n,t,s,r,n,f,f,d,u,18
p,x,s,n,t,s,r,w,f,f,d,a,17
p,x,s,n,t,s,r,w,f,f,d,u,20
p,x,s,n,t,s,w,n,f,f,d,a,13
p,x,s,n,t,s,w,n,f,f,d,u,10
p,x,s,n,t,s,w,w,f,f,d,a,26
p,x,s,n,t,s,w,w,f,f,d,u,10
p,x,s,o,f,a,o,o,f,f,h,a,6
p,x,s,o,f,a,o,o,f,f,m,a,2
p,x,s,o,f,a,o,y,f,f,h,a,3
p,x,s,o,f,a,o,y,f,f,m,a,8
p,x,s,o,f,a,y,o,f,f,g,a,23
p,x,s,o,f,a,y,o,f,f,g,u,25
p,x,s,o,f,a,y,o,f,f,h,a,9
p,x,s,o,f,a,y,o,f,f,m,a,5
p,x,s,o,f,a,y,y,f,f,h,a,12
p,x,s,o,f,a,y,y,f,f,m,a,6
p,x,s,o,f,d,o,o,f,f,h,a,9
p,x,s,o,f,d,o,o,f,f,m,a,3
p,x,s,o,f,d,o,y,f,f,h,a,1
p,x,s,o,f,d,o,y,f,f,m,a,10
p,x,s,o,f,d,y,o,f,f,h,a,1
p,x,s,o,f,d,y,o,f,f,m,a,7
p,x,s,o,f,d,y,y,f,f,h,a,10
p,x,s,o,f,d,y,y,f,f,m,a,6
p,x,s,o,f,e,g,y,f,f,g,a,1
p,x,s,o,f,e,g,y,f,f,m,a,2
p,x,s,o,f,e,g,y,f,f,m,u,1
p,x,s,o,f,e,k,k,f,f,g,u,1
p,x,s,o,f,e,k,k,f,f,m,u,1
p,x,s,o,f,e,k,o,f,f,g,a,5
p,x,s,o,f,e,k,o,f,f,m,a,2
p,x,s,o,f,e,k,y,f,f,g,a,2
p,x,s,o,f,e,y,k,f,f,g,a,2
p,x,s,o,f,e,y,k,f,f,g,u,1
p,x,s,o,f,e,y,k,f,f,m,a,1
p,x,s,o,f,e,y,k,f,f,m,u,1
p,x,s,o,f,e,y,o,f,f,g,u,2
p,x,s,o,f,e,y,o,f,f,m,a,1
p,x,s,o,f,e,y,o,f,f,m,u,3
p,x,s,o,f,e,y,y,f,f,g,u,1
p,x,s,o,f,e,y,y,f,f,m,a,2
p,x,s,o,f,e,y,y,f,f,m,u,1
p,x,s,o,f,p,y,n,f,f,d,a,9
p,x,s,o,f,p,y,n,f,f,d,w,10
p,x,s,r,t,s,r,n,f,f,d,a,10
p,x,s,r,t,s,r,n,f,f,d,u,15
p,x,s,r,t,s,r,w,f,f,d,a,15
p,x,s,r,t,s,r,w,f,f,d,u,10
p,x,s,r,t,s,w,n,f,f,d,a,25
p,x,s,r,t,s,w,n,f,f,d,u,21
p,x,s,r,t,s,w,w,f,f,d,a,12
p,x,s,r,t,s,w,w,f,f,d,u,13
p,x,s,w,f,d,w,w,f,f,g,a,28
p,x,s,w,f,d,w,w,f,f,g,u,24
p,x,s,w,f,s,p,n,f,f,d,a,16
p,x,s,w,f,s,p,n,f,f,d,u,9
p,x,s,w,f,s,y,n,f,f,d,a,6
p,x,s,w,f,s,y,n,f,f,d,u,9
p,x,s,y,f,a,y,o,f,f,g,a,33
p,x,s,y,f,a,y,o,f,f,g,u,32
p,x,s,y,f,f,f,y,f,f,d,a,69
p,x,s,y,f,f,f,y,f,f,d,u,50
p,x,s,y,f,s,p,n,f,f,d,a,9
p,x,s,y,f,s,p,n,f,f,d,u,13
p,x,s,y,f,s,y,n,f,f,d,a,10
p,x,s,y,f,s,y,n,f,f,d,u,12
p,x,t,e,f,x,w,n,f,f,d,a,23
p,x,t,e,f,x,w,n,f,f,d,u,12
p,x,t,e,f,x,w,w,f,f,d,a,49
p,x,t,e,f,x,w,w,f,f,d,u,45
p,x,t,g,t,d,b,g,f,f,d,a,1
p,x,t,g,t,d,b,g,f,f,g,u,1
p,x,t,g,t,d,b,g,f,f,l,a,1
p,x,t,g,t,d,b,n,f,f,g,a,1
p,x,t,g,t,d,b,n,f,f,l,a,2
p,x,t,g,t,d,b,r,f,f,d,a,1
p,x,t,g,t,d,b,r,f,f,g,a,1
p,x,t,g,t,d,n,g,f,f,d,a,2
p,x,t,g,t,d,n,n,f,f,d,u,1
p,x,t,g,t,d,n,r,f,f,d,a,1
p,x,t,g,t,d,n,r,f,f,d,u,1
p,x,t,g,t,d,n,r,f,f,l,u,1
p,x,t,g,t,d,w,g,f,f,l,u,1
p,x,t,g,t,d,w,n,f,f,d,a,1
p,x,t,g,t,d,w,n,f,f,d,u,2
p,x,t,g,t,d,w,n,f,f,g,u,2
p,x,t,g,t,d,w,n,f,f,l,a,1
p,x,t,g,t,d,w,r,f,f,g,a,1
p,x,t,g,t,d,w,r,f,f,l,a,2
p,x,t,k,t,d,b,g,f,f,d,u,1
p,x,t,k,t,d,b,g,f,f,g,a,1
p,x,t,k,t,d,b,g,f,f,l,a,2
p,x,t,k,t,d,b,g,f,f,l,u,1
p,x,t,k,t,d,b,n,f,f,d,a,1
p,x,t,k,t,d,b,n,f,f,l,u,1
p,x,t,k,t,d,b,r,f,f,d,a,3
p,x,t,k,t,d,b,r,f,f,d,u,1
p,x,t,k,t,d,n,g,f,f,d,u,1
p,x,t,k,t,d,n,g,f,f,g,u,1
p,x,t,k,t,d,n,n,f,f,d,a,1
p,x,t,k,t,d,n,n,f,f,d,u,2
p,x,t,k,t,d,n,n,f,f,l,u,1
p,x,t,k,t,d,w,g,f,f,d,a,1
p,x,t,k,t,d,w,g,f,f,g,a,1
p,x,t,k,t,d,w,g,f,f,l,a,1
p,x,t,k,t,d,w,g,f,f,l,u,1
p,x,t,k,t,d,w,n,f,f,d,a,1
p,x,t,k,t,d,w,n,f,f,g,u,1
p,x,t,k,t,d,w,n,f,f,l,u,2
p,x,t,k,t,d,w,r,f,f,g,u,2
p,x,t,k,t,d,w,r,f,f,l,a,1
p,x,t,k,t,d,w,r,f,f,l,u,3
p,x,t,l,f,s,g,l,t,e,d,a,1
p,x,t,l,f,s,g,l,t,e,g,a,1
p,x,t,l,f,s,g,l,t,e,g,u,2
p,x,t,l,f,s,g,n,t,e,g,a,1
p,x,t,l,f,s,g,n,t,e,g,u,1
p,x,t,l,f,s,g,w,t,e,d,u,2
p,x,t,l,f,s,g,w,t,e,g,a,1
p,x,t,l,f,s,n,l,t,e,d,u,1
p,x,t,l,f,s,n,l,t,e,m,u,1
p,x,t,l,f,s,n,n,t,e,d,u,4
p,x,t,l,f,s,n,n,t,e,g,a,1
p,x,t,l,f,s,n,n,t,e,m,a,1
p,x,t,l,f,s,n,w,t,e,d,a,1
p,x,t,l,f,s,n,w,t,e,g,a,1
p,x,t,l,f,s,n,w,t,e,g,u,1
p,x,t,l,f,s,n,w,t,e,m,u,1
p,x,t,l,f,s,u,l,t,e,d,a,2
p,x,t,l,f,s,u,l,t,e,g,u,1
p,x,t,l,f,s,u,n,t,e,g,u,2
p,x,t,l,f,s,u,n,t,e,m,a,3
p,x,t,l,f,s,u,w,t,e,d,a,1
p,x,t,l,f,s,u,w,t,e,g,u,2
p,x,t,l,f,s,u,w,t,e,m,u,1
p,x,t,n,f,a,n,n,t,z,d,a,21
p,x,t,n,f,a,n,n,t,z,d,w,22
p,x,t,n,f,a,n,o,t,z,d,a,22
p,x,t,n,f,a,n,o,t,z,d,w,19
p,x,t,n,f,a,w,w,f,f,d,a,181
p,x,t,n,f,a,w,w,f,f,d,u,172
p,x,t,n,f,s,g,n,f,f,d,a,50
p,x,t,n,f,s,g,n,f,f,d,w,30
p,x,t,n,f,s,n,n,f,f,d,a,45
p,x,t,n,f,s,n,n,f,f,d,w,39
p,x,t,n,f,s,n,w,t,z,d,a,79
p,x,t,n,f,s,n,w,t,z,d,u,96
p,x,t,n,f,s,p,w,t,z,d,a,82
p,x,t,n,f,s,p,w,t,z,d,u,96
p,x,t,n,f,x,w,n,f,f,d,a,16
p,x,t,n,f,x,w,n,f,f,d,u,9
p,x,t,n,f,x,y,y,f,f,d,a,51
p,x,t,n,t,d,b,n,f,f,g,a,2
p,x,t,n,t,d,b,n,f,f,g,u,1
p,x,t,n,t,d,b,n,f,f,l,a,1
p,x,t,n,t,d,b,r,f,f,d,a,1
p,x,t,n,t,d,b,r,f,f,d,u,1
p,x,t,n,t,d,b,r,f,f,g,a,1
p,x,t,n,t,d,b,r,f,f,g,u,1
p,x,t,n,t,d,b,r,f,f,l,u,2
p,x,t,n,t,d,n,g,f,f,d,u,1
p,x,t,n,t,d,n,g,f,f,g,u,3
p,x,t,n,t,d,n,g,f,f,l,u,1
p,x,t,n,t,d,n,n,f,f,d,a,13
p,x,t,n,t,d,n,n,f,f,d,u,18
p,x,t,n,t,d,n,n,f,f,g,a,2
p,x,t,n,t,d,n,n,f,f,h,a,13
p,x,t,n,t,d,n,n,f,f,h,u,13
p,x,t,n,t,d,n,r,f,f,d,a,2
p,x,t,n,t,d,n,r,f,f,g,a,1
p,x,t,n,t,d,n,r,f,f,l,u,1
p,x,t,n,t,d,w,g,f,f,d,a,1
p,x,t,n,t,d,w,n,f,f,d,a,2
p,x,t,n,t,d,w,n,f,f,g,a,2
p,x,t,n,t,d,w,r,f,f,d,a,1
p,x,t,n,t,d,w,r,f,f,g,u,1
p,x,t,n,t,d,w,r,f,f,l,a,1
p,x,t,n,t,d,w,r,f,f,l,u,1
p,x,t,o,f,a,n,n,t,z,d,a,16
p,x,t,o,f,a,n,n,t,z,d,w,23
p,x,t,o,f,a,n,o,t,z,d,a,22
p,x,t,o,f,a,n,o,t,z,d,w,23
p,x,t,o,f,a,y,o,f,f,g,a,34
p,x,t,o,f,a,y,o,f,f,g,u,38
p,x,t,r,f,s,g,l,t,e,d,u,1
p,x,t,r,f,s,g,l,t,e,g,a,1
p,x,t,r,f,s,g,l,t,e,m,a,1
p,x,t,r,f,s,g,l,t,e,m,u,1
p,x,t,r,f,s,g,n,t,e,g,a,1
p,x,t,r,f,s,g,n,t,e,g,u,1
p,x,t,r,f,s,g,w,t,e,d,u,1
p,x,t,r,f,s,g,w,t,e,g,u,3
p,x,t,r,f,s,n,l,t,e,g,a,1
p,x,t,r,f,s,n,l,t,e,m,u,1
p,x,t,r,f,s,n,n,t,e,d,a,1
p,x,t,r,f,s,n,n,t,e,d,u,4
p,x,t,r,f,s,n,w,t,e,d,a,1
p,x,t,r,f,s,u,l,t,e,m,u,1
p,x,t,r,f,s,u,n,t,e,g,a,2
p,x,t,r,f,s,u,n,t,e,m,u,1
p,x,t,r,f,s,u,w,t,e,g,a,1
p,x,t,r,t,d,b,g,f,f,d,u,2
p,x,t,r,t,d,b,g,f,f,g,a,1
p,x,t,r,t,d,b,g,f,f,g,u,1
p,x,t,r,t,d,b,g,f,f,l,a,1
p,x,t,r,t,d,b,n,f,f,g,a,2
p,x,t,r,t,d,b,n,f,f,l,a,1
p,x,t,r,t,d,b,r,f,f,d,a,1
p,x,t,r,t,d,b,r,f,f,d,u,1
p,x,t,r,t,d,b,r,f,f,g,a,3
p,x,t,r,t,d,b,r,f,f,g,u,2
p,x,t,r,t,d,b,r,f,f,l,u,1
p,x,t,r,t,d,n,g,f,f,d,a,1
p,x,t,r,t,d,n,g,f,f,d,u,1
p,x,t,r,t,d,n,g,f,f,l,a,1
p,x,t,r,t,d,n,g,f,f,l,u,1
p,x,t,r,t,d,n,n,f,f,d,a,13
p,x,t,r,t,d,n,n,f,f,d,u,10
p,x,t,r,t,d,n,n,f,f,g,u,1
p,x,t,r,t,d,n,n,f,f,h,a,20
p,x,t,r,t,d,n,n,f,f,h,u,9
p,x,t,r,t,d,n,n,f,f,l,u,1
p,x,t,r,t,d,n,r,f,f,g,a,1
p,x,t,r,t,d,w,g,f,f,d,a,1
p,x,t,r,t,d,w,n,f,f,d,a,1
p,x,t,r,t,d,w,n,f,f,l,u,1
p,x,t,r,t,d,w,r,f,f,d,a,1
p,x,t,r,t,d,w,r,f,f,d,u,1
p,x,t,r,t,d,w,r,f,f,g,u,1
p,x,t,r,t,d,w,r,f,f,l,a,5
p,x,t,y,f,a,y,o,f,f,g,a,29
p,x,t,y,f,a,y,o,f,f,g,u,33
p,x,t,y,f,x,y,y,f,f,d,a,58
p,x,w,e,f,x,w,n,f,f,d,a,15
p,x,w,e,f,x,w,n,f,f,d,u,15
p,x,w,n,f,x,w,n,f,f,d,a,13
p,x,w,n,f,x,w,n,f,f,d,u,19
p,x,w,p,f,s,p,p,f,f,d,a,83
p,x,w,p,f,s,p,p,f,f,d,w,88
p,x,y,l,f,s,g,l,t,e,m,a,2
p,x,y,l,f,s,g,n,t,e,d,u,2
p,x,y,l,f,s,g,n,t,e,g,u,1
p,x,y,l,f,s,g,n,t,e,m,u,1
p,x,y,l,f,s,g,w,t,e,d,a,1
p,x,y,l,f,s,g,w,t,e,d,u,1
p,x,y,l,f,s,g,w,t,e,g,u,2
p,x,y,l,f,s,g,w,t,e,m,u,2
p,x,y,l,f,s,n,l,t,e,d,a,1
p,x,y,l,f,s,n,l,t,e,d,u,2
p,x,y,l,f,s,n,l,t,e,m,u,1
p,x,y,l,f,s,n,n,t,e,g,u,1
p,x,y,l,f,s,n,n,t,e,m,u,1
p,x,y,l,f,s,n,w,t,e,d,a,1
p,x,y,l,f,s,n,w,t,e,d,u,1
p,x,y,l,f,s,n,w,t,e,m,a,1
p,x,y,l,f,s,u,l,t,e,d,a,1
p,x,y,l,f,s,u,l,t,e,d,u,1
p,x,y,l,f,s,u,n,t,e,d,a,1
p,x,y,l,f,s,u,n,t,e,g,a,1
p,x,y,l,f,s,u,n,t,e,m,u,1
p,x,y,l,f,s,u,w,t,e,d,u,1
p,x,y,l,f,s,u,w,t,e,g,u,1
p,x,y,l,f,s,u,w,t,e,m,a,3
p,x,y,l,f,s,u,w,t,e,m,u,1
p,x,y,n,f,a,w,n,t,r,d,a,10
p,x,y,n,f,a,w,n,t,r,d,u,9
p,x,y,n,f,a,w,n,t,r,g,a,13
p,x,y,n,f,a,w,n,t,r,g,u,19
p,x,y,n,f,a,w,n,t,r,h,a,13
p,x,y,n,f,a,w,n,t,r,h,u,10
p,x,y,n,f,a,w,y,t,r,d,a,8
p,x,y,n,f,a,w,y,t,r,d,u,9
p,x,y,n,f,a,w,y,t,r,g,a,21
p,x,y,n,f,a,w,y,t,r,g,u,17
p,x,y,n,f,a,w,y,t,r,h,a,17
p,x,y,n,f,a,w,y,t,r,h,u,14
p,x,y,o,f,a,o,o,f,f,h,a,5
p,x,y,o,f,a,o,o,f,f,m,a,9
p,x,y,o,f,a,o,o,t,r,d,a,3
p,x,y,o,f,a,o,o,t,r,d,u,4
p,x,y,o,f,a,o,o,t,r,d,w,2
p,x,y,o,f,a,o,y,f,f,h,a,8
p,x,y,o,f,a,o,y,f,f,m,a,2
p,x,y,o,f,a,o,y,t,r,d,a,6
p,x,y,o,f,a,o,y,t,r,d,u,6
p,x,y,o,f,a,o,y,t,r,d,w,5
p,x,y,o,f,a,y,o,f,f,h,a,4
p,x,y,o,f,a,y,o,f,f,m,a,8
p,x,y,o,f,a,y,o,t,r,d,a,3
p,x,y,o,f,a,y,o,t,r,d,u,7
p,x,y,o,f,a,y,o,t,r,d,w,1
p,x,y,o,f,a,y,y,f,f,h,a,10
p,x,y,o,f,a,y,y,f,f,m,a,2
p,x,y,o,f,a,y,y,t,r,d,a,5
p,x,y,o,f,a,y,y,t,r,d,u,2
p,x,y,o,f,a,y,y,t,r,d,w,6
p,x,y,o,f,d,o,o,f,f,h,a,6
p,x,y,o,f,d,o,o,f,f,m,a,4
p,x,y,o,f,d,o,y,f,f,h,a,6
p,x,y,o,f,d,o,y,f,f,m,a,5
p,x,y,o,f,d,y,o,f,f,h,a,4
p,x,y,o,f,d,y,o,f,f,m,a,6
p,x,y,o,f,d,y,y,f,f,h,a,7
p,x,y,o,f,d,y,y,f,f,m,a,3
p,x,y,r,f,s,g,l,t,e,d,a,1
p,x,y,r,f,s,g,l,t,e,d,u,1
p,x,y,r,f,s,g,l,t,e,g,a,2
p,x,y,r,f,s,g,l,t,e,g,u,1
p,x,y,r,f,s,g,l,t,e,m,a,1
p,x,y,r,f,s,g,n,t,e,d,u,1
p,x,y,r,f,s,g,n,t,e,m,u,2
p,x,y,r,f,s,g,w,t,e,d,a,1
p,x,y,r,f,s,g,w,t,e,m,a,1
p,x,y,r,f,s,n,l,t,e,d,a,1
p,x,y,r,f,s,n,l,t,e,g,a,2
p,x,y,r,f,s,n,l,t,e,g,u,1
p,x,y,r,f,s,n,l,t,e,m,a,3
p,x,y,r,f,s,n,n,t,e,d,u,2
p,x,y,r,f,s,n,n,t,e,m,a,2
p,x,y,r,f,s,n,n,t,e,m,u,1
p,x,y,r,f,s,n,w,t,e,d,a,1
p,x,y,r,f,s,n,w,t,e,g,a,1
p,x,y,r,f,s,n,w,t,e,g,u,1
p,x,y,r,f,s,u,l,t,e,d,a,1
p,x,y,r,f,s,u,l,t,e,m,a,1
p,x,y,r,f,s,u,n,t,e,d,u,1
p,x,y,r,f,s,u,n,t,e,g,u,2
p,x,y,r,f,s,u,w,t,e,d,a,1
p,x,y,y,f,a,o,o,t,r,d,a,4
p,x,y,y,f,a,o,o,t,r,d,w,1
p,x,y,y,f,a,o,y,t,r,d,u,2
p,x,y,y,f,a,o,y,t,r,d,w,3
p,x,y,y,f,a,w,n,t,r,d,a,11
p,x,y,y,f,a,w,n,t,r,d,u,21
p,x,y,y,f,a,w,n,t,r,g,a,21
p,x,y,y,f,a,w,n,t,r,g,u,16
p,x,y,y,f,a,w,n,t,r,h,a,13
p,x,y,y,f,a,w,n,t,r,h,u,17
p,x,y,y,f,a,w,y,t,r,d,a,10
p,x,y,y,f,a,w,y,t,r,d,u,15
p,x,y,y,f,a,w,y,t,r,g,a,19
p,x,y,y,f,a,w,y,t,r,g,u,15
p,x,y,y,f,a,w,y,t,r,h,a,20
p,x,y,y,f,a,w,y,t,r,h,u,15
p,x,y,y,f,a,y,o,t,r,d,a,1
p,x,y,y,f,a,y,o,t,r,d,u,4
p,x,y,y,f,a,y,o,t,r,d,w,3
p,x,y,y,f,a,y,y,t,r,d,a,6
p,x,y,y,f,a,y,y,t,r,d,u,3
p,x,y,y,f,a,y,y,t,r,d,w,3
